"!(bindpath.doc_html).buildinfo","Doc_html\.buildinfo","doc_html","",""
"!(bindpath.doc_html)404.html","Doc_html\404.html","doc_html","",""
"!(bindpath.doc_html)about.html","Doc_html\about.html","doc_html","",""
"!(bindpath.doc_html)bugs.html","Doc_html\bugs.html","doc_html","",""
"!(bindpath.doc_html)c-api\abstract.html","Doc_html\c-api\abstract.html","doc_html","",""
"!(bindpath.doc_html)c-api\allocation.html","Doc_html\c-api\allocation.html","doc_html","",""
"!(bindpath.doc_html)c-api\apiabiversion.html","Doc_html\c-api\apiabiversion.html","doc_html","",""
"!(bindpath.doc_html)c-api\arg.html","Doc_html\c-api\arg.html","doc_html","",""
"!(bindpath.doc_html)c-api\bool.html","Doc_html\c-api\bool.html","doc_html","",""
"!(bindpath.doc_html)c-api\buffer.html","Doc_html\c-api\buffer.html","doc_html","",""
"!(bindpath.doc_html)c-api\bytearray.html","Doc_html\c-api\bytearray.html","doc_html","",""
"!(bindpath.doc_html)c-api\bytes.html","Doc_html\c-api\bytes.html","doc_html","",""
"!(bindpath.doc_html)c-api\call.html","Doc_html\c-api\call.html","doc_html","",""
"!(bindpath.doc_html)c-api\capsule.html","Doc_html\c-api\capsule.html","doc_html","",""
"!(bindpath.doc_html)c-api\cell.html","Doc_html\c-api\cell.html","doc_html","",""
"!(bindpath.doc_html)c-api\code.html","Doc_html\c-api\code.html","doc_html","",""
"!(bindpath.doc_html)c-api\codec.html","Doc_html\c-api\codec.html","doc_html","",""
"!(bindpath.doc_html)c-api\complex.html","Doc_html\c-api\complex.html","doc_html","",""
"!(bindpath.doc_html)c-api\concrete.html","Doc_html\c-api\concrete.html","doc_html","",""
"!(bindpath.doc_html)c-api\contextvars.html","Doc_html\c-api\contextvars.html","doc_html","",""
"!(bindpath.doc_html)c-api\conversion.html","Doc_html\c-api\conversion.html","doc_html","",""
"!(bindpath.doc_html)c-api\coro.html","Doc_html\c-api\coro.html","doc_html","",""
"!(bindpath.doc_html)c-api\datetime.html","Doc_html\c-api\datetime.html","doc_html","",""
"!(bindpath.doc_html)c-api\descriptor.html","Doc_html\c-api\descriptor.html","doc_html","",""
"!(bindpath.doc_html)c-api\dict.html","Doc_html\c-api\dict.html","doc_html","",""
"!(bindpath.doc_html)c-api\exceptions.html","Doc_html\c-api\exceptions.html","doc_html","",""
"!(bindpath.doc_html)c-api\extension-modules.html","Doc_html\c-api\extension-modules.html","doc_html","",""
"!(bindpath.doc_html)c-api\file.html","Doc_html\c-api\file.html","doc_html","",""
"!(bindpath.doc_html)c-api\float.html","Doc_html\c-api\float.html","doc_html","",""
"!(bindpath.doc_html)c-api\frame.html","Doc_html\c-api\frame.html","doc_html","",""
"!(bindpath.doc_html)c-api\function.html","Doc_html\c-api\function.html","doc_html","",""
"!(bindpath.doc_html)c-api\gcsupport.html","Doc_html\c-api\gcsupport.html","doc_html","",""
"!(bindpath.doc_html)c-api\gen.html","Doc_html\c-api\gen.html","doc_html","",""
"!(bindpath.doc_html)c-api\hash.html","Doc_html\c-api\hash.html","doc_html","",""
"!(bindpath.doc_html)c-api\import.html","Doc_html\c-api\import.html","doc_html","",""
"!(bindpath.doc_html)c-api\index.html","Doc_html\c-api\index.html","doc_html","",""
"!(bindpath.doc_html)c-api\init.html","Doc_html\c-api\init.html","doc_html","",""
"!(bindpath.doc_html)c-api\init_config.html","Doc_html\c-api\init_config.html","doc_html","",""
"!(bindpath.doc_html)c-api\intro.html","Doc_html\c-api\intro.html","doc_html","",""
"!(bindpath.doc_html)c-api\iter.html","Doc_html\c-api\iter.html","doc_html","",""
"!(bindpath.doc_html)c-api\iterator.html","Doc_html\c-api\iterator.html","doc_html","",""
"!(bindpath.doc_html)c-api\lifecycle.html","Doc_html\c-api\lifecycle.html","doc_html","",""
"!(bindpath.doc_html)c-api\list.html","Doc_html\c-api\list.html","doc_html","",""
"!(bindpath.doc_html)c-api\long.html","Doc_html\c-api\long.html","doc_html","",""
"!(bindpath.doc_html)c-api\mapping.html","Doc_html\c-api\mapping.html","doc_html","",""
"!(bindpath.doc_html)c-api\marshal.html","Doc_html\c-api\marshal.html","doc_html","",""
"!(bindpath.doc_html)c-api\memory.html","Doc_html\c-api\memory.html","doc_html","",""
"!(bindpath.doc_html)c-api\memoryview.html","Doc_html\c-api\memoryview.html","doc_html","",""
"!(bindpath.doc_html)c-api\method.html","Doc_html\c-api\method.html","doc_html","",""
"!(bindpath.doc_html)c-api\module.html","Doc_html\c-api\module.html","doc_html","",""
"!(bindpath.doc_html)c-api\monitoring.html","Doc_html\c-api\monitoring.html","doc_html","",""
"!(bindpath.doc_html)c-api\none.html","Doc_html\c-api\none.html","doc_html","",""
"!(bindpath.doc_html)c-api\number.html","Doc_html\c-api\number.html","doc_html","",""
"!(bindpath.doc_html)c-api\object.html","Doc_html\c-api\object.html","doc_html","",""
"!(bindpath.doc_html)c-api\objimpl.html","Doc_html\c-api\objimpl.html","doc_html","",""
"!(bindpath.doc_html)c-api\perfmaps.html","Doc_html\c-api\perfmaps.html","doc_html","",""
"!(bindpath.doc_html)c-api\refcounting.html","Doc_html\c-api\refcounting.html","doc_html","",""
"!(bindpath.doc_html)c-api\reflection.html","Doc_html\c-api\reflection.html","doc_html","",""
"!(bindpath.doc_html)c-api\sequence.html","Doc_html\c-api\sequence.html","doc_html","",""
"!(bindpath.doc_html)c-api\set.html","Doc_html\c-api\set.html","doc_html","",""
"!(bindpath.doc_html)c-api\slice.html","Doc_html\c-api\slice.html","doc_html","",""
"!(bindpath.doc_html)c-api\stable.html","Doc_html\c-api\stable.html","doc_html","",""
"!(bindpath.doc_html)c-api\structures.html","Doc_html\c-api\structures.html","doc_html","",""
"!(bindpath.doc_html)c-api\sys.html","Doc_html\c-api\sys.html","doc_html","",""
"!(bindpath.doc_html)c-api\time.html","Doc_html\c-api\time.html","doc_html","",""
"!(bindpath.doc_html)c-api\tuple.html","Doc_html\c-api\tuple.html","doc_html","",""
"!(bindpath.doc_html)c-api\type.html","Doc_html\c-api\type.html","doc_html","",""
"!(bindpath.doc_html)c-api\typehints.html","Doc_html\c-api\typehints.html","doc_html","",""
"!(bindpath.doc_html)c-api\typeobj.html","Doc_html\c-api\typeobj.html","doc_html","",""
"!(bindpath.doc_html)c-api\unicode.html","Doc_html\c-api\unicode.html","doc_html","",""
"!(bindpath.doc_html)c-api\utilities.html","Doc_html\c-api\utilities.html","doc_html","",""
"!(bindpath.doc_html)c-api\veryhigh.html","Doc_html\c-api\veryhigh.html","doc_html","",""
"!(bindpath.doc_html)c-api\weakref.html","Doc_html\c-api\weakref.html","doc_html","",""
"!(bindpath.doc_html)contents.html","Doc_html\contents.html","doc_html","",""
"!(bindpath.doc_html)copyright.html","Doc_html\copyright.html","doc_html","",""
"!(bindpath.doc_html)deprecations\c-api-pending-removal-in-3.14.html","Doc_html\deprecations\c-api-pending-removal-in-3.14.html","doc_html","",""
"!(bindpath.doc_html)deprecations\c-api-pending-removal-in-3.15.html","Doc_html\deprecations\c-api-pending-removal-in-3.15.html","doc_html","",""
"!(bindpath.doc_html)deprecations\c-api-pending-removal-in-3.16.html","Doc_html\deprecations\c-api-pending-removal-in-3.16.html","doc_html","",""
"!(bindpath.doc_html)deprecations\c-api-pending-removal-in-3.18.html","Doc_html\deprecations\c-api-pending-removal-in-3.18.html","doc_html","",""
"!(bindpath.doc_html)deprecations\c-api-pending-removal-in-future.html","Doc_html\deprecations\c-api-pending-removal-in-future.html","doc_html","",""
"!(bindpath.doc_html)deprecations\index.html","Doc_html\deprecations\index.html","doc_html","",""
"!(bindpath.doc_html)deprecations\pending-removal-in-3.13.html","Doc_html\deprecations\pending-removal-in-3.13.html","doc_html","",""
"!(bindpath.doc_html)deprecations\pending-removal-in-3.14.html","Doc_html\deprecations\pending-removal-in-3.14.html","doc_html","",""
"!(bindpath.doc_html)deprecations\pending-removal-in-3.15.html","Doc_html\deprecations\pending-removal-in-3.15.html","doc_html","",""
"!(bindpath.doc_html)deprecations\pending-removal-in-3.16.html","Doc_html\deprecations\pending-removal-in-3.16.html","doc_html","",""
"!(bindpath.doc_html)deprecations\pending-removal-in-3.17.html","Doc_html\deprecations\pending-removal-in-3.17.html","doc_html","",""
"!(bindpath.doc_html)deprecations\pending-removal-in-3.19.html","Doc_html\deprecations\pending-removal-in-3.19.html","doc_html","",""
"!(bindpath.doc_html)deprecations\pending-removal-in-future.html","Doc_html\deprecations\pending-removal-in-future.html","doc_html","",""
"!(bindpath.doc_html)distributing\index.html","Doc_html\distributing\index.html","doc_html","",""
"!(bindpath.doc_html)download.html","Doc_html\download.html","doc_html","",""
"!(bindpath.doc_html)extending\building.html","Doc_html\extending\building.html","doc_html","",""
"!(bindpath.doc_html)extending\embedding.html","Doc_html\extending\embedding.html","doc_html","",""
"!(bindpath.doc_html)extending\extending.html","Doc_html\extending\extending.html","doc_html","",""
"!(bindpath.doc_html)extending\index.html","Doc_html\extending\index.html","doc_html","",""
"!(bindpath.doc_html)extending\newtypes.html","Doc_html\extending\newtypes.html","doc_html","",""
"!(bindpath.doc_html)extending\newtypes_tutorial.html","Doc_html\extending\newtypes_tutorial.html","doc_html","",""
"!(bindpath.doc_html)extending\windows.html","Doc_html\extending\windows.html","doc_html","",""
"!(bindpath.doc_html)faq\design.html","Doc_html\faq\design.html","doc_html","",""
"!(bindpath.doc_html)faq\extending.html","Doc_html\faq\extending.html","doc_html","",""
"!(bindpath.doc_html)faq\general.html","Doc_html\faq\general.html","doc_html","",""
"!(bindpath.doc_html)faq\gui.html","Doc_html\faq\gui.html","doc_html","",""
"!(bindpath.doc_html)faq\index.html","Doc_html\faq\index.html","doc_html","",""
"!(bindpath.doc_html)faq\installed.html","Doc_html\faq\installed.html","doc_html","",""
"!(bindpath.doc_html)faq\library.html","Doc_html\faq\library.html","doc_html","",""
"!(bindpath.doc_html)faq\programming.html","Doc_html\faq\programming.html","doc_html","",""
"!(bindpath.doc_html)faq\windows.html","Doc_html\faq\windows.html","doc_html","",""
"!(bindpath.doc_html)genindex-A.html","Doc_html\genindex-A.html","doc_html","",""
"!(bindpath.doc_html)genindex-all.html","Doc_html\genindex-all.html","doc_html","",""
"!(bindpath.doc_html)genindex-B.html","Doc_html\genindex-B.html","doc_html","",""
"!(bindpath.doc_html)genindex-C.html","Doc_html\genindex-C.html","doc_html","",""
"!(bindpath.doc_html)genindex-D.html","Doc_html\genindex-D.html","doc_html","",""
"!(bindpath.doc_html)genindex-E.html","Doc_html\genindex-E.html","doc_html","",""
"!(bindpath.doc_html)genindex-F.html","Doc_html\genindex-F.html","doc_html","",""
"!(bindpath.doc_html)genindex-G.html","Doc_html\genindex-G.html","doc_html","",""
"!(bindpath.doc_html)genindex-H.html","Doc_html\genindex-H.html","doc_html","",""
"!(bindpath.doc_html)genindex-I.html","Doc_html\genindex-I.html","doc_html","",""
"!(bindpath.doc_html)genindex-J.html","Doc_html\genindex-J.html","doc_html","",""
"!(bindpath.doc_html)genindex-K.html","Doc_html\genindex-K.html","doc_html","",""
"!(bindpath.doc_html)genindex-L.html","Doc_html\genindex-L.html","doc_html","",""
"!(bindpath.doc_html)genindex-M.html","Doc_html\genindex-M.html","doc_html","",""
"!(bindpath.doc_html)genindex-N.html","Doc_html\genindex-N.html","doc_html","",""
"!(bindpath.doc_html)genindex-O.html","Doc_html\genindex-O.html","doc_html","",""
"!(bindpath.doc_html)genindex-P.html","Doc_html\genindex-P.html","doc_html","",""
"!(bindpath.doc_html)genindex-Q.html","Doc_html\genindex-Q.html","doc_html","",""
"!(bindpath.doc_html)genindex-R.html","Doc_html\genindex-R.html","doc_html","",""
"!(bindpath.doc_html)genindex-S.html","Doc_html\genindex-S.html","doc_html","",""
"!(bindpath.doc_html)genindex-Symbols.html","Doc_html\genindex-Symbols.html","doc_html","",""
"!(bindpath.doc_html)genindex-T.html","Doc_html\genindex-T.html","doc_html","",""
"!(bindpath.doc_html)genindex-U.html","Doc_html\genindex-U.html","doc_html","",""
"!(bindpath.doc_html)genindex-V.html","Doc_html\genindex-V.html","doc_html","",""
"!(bindpath.doc_html)genindex-W.html","Doc_html\genindex-W.html","doc_html","",""
"!(bindpath.doc_html)genindex-X.html","Doc_html\genindex-X.html","doc_html","",""
"!(bindpath.doc_html)genindex-Y.html","Doc_html\genindex-Y.html","doc_html","",""
"!(bindpath.doc_html)genindex-Z.html","Doc_html\genindex-Z.html","doc_html","",""
"!(bindpath.doc_html)genindex-_.html","Doc_html\genindex-_.html","doc_html","",""
"!(bindpath.doc_html)genindex.html","Doc_html\genindex.html","doc_html","",""
"!(bindpath.doc_html)glossary.html","Doc_html\glossary.html","doc_html","",""
"!(bindpath.doc_html)howto\annotations.html","Doc_html\howto\annotations.html","doc_html","",""
"!(bindpath.doc_html)howto\argparse-optparse.html","Doc_html\howto\argparse-optparse.html","doc_html","",""
"!(bindpath.doc_html)howto\argparse.html","Doc_html\howto\argparse.html","doc_html","",""
"!(bindpath.doc_html)howto\clinic.html","Doc_html\howto\clinic.html","doc_html","",""
"!(bindpath.doc_html)howto\cporting.html","Doc_html\howto\cporting.html","doc_html","",""
"!(bindpath.doc_html)howto\curses.html","Doc_html\howto\curses.html","doc_html","",""
"!(bindpath.doc_html)howto\descriptor.html","Doc_html\howto\descriptor.html","doc_html","",""
"!(bindpath.doc_html)howto\enum.html","Doc_html\howto\enum.html","doc_html","",""
"!(bindpath.doc_html)howto\free-threading-extensions.html","Doc_html\howto\free-threading-extensions.html","doc_html","",""
"!(bindpath.doc_html)howto\free-threading-python.html","Doc_html\howto\free-threading-python.html","doc_html","",""
"!(bindpath.doc_html)howto\functional.html","Doc_html\howto\functional.html","doc_html","",""
"!(bindpath.doc_html)howto\gdb_helpers.html","Doc_html\howto\gdb_helpers.html","doc_html","",""
"!(bindpath.doc_html)howto\index.html","Doc_html\howto\index.html","doc_html","",""
"!(bindpath.doc_html)howto\instrumentation.html","Doc_html\howto\instrumentation.html","doc_html","",""
"!(bindpath.doc_html)howto\ipaddress.html","Doc_html\howto\ipaddress.html","doc_html","",""
"!(bindpath.doc_html)howto\isolating-extensions.html","Doc_html\howto\isolating-extensions.html","doc_html","",""
"!(bindpath.doc_html)howto\logging-cookbook.html","Doc_html\howto\logging-cookbook.html","doc_html","",""
"!(bindpath.doc_html)howto\logging.html","Doc_html\howto\logging.html","doc_html","",""
"!(bindpath.doc_html)howto\mro.html","Doc_html\howto\mro.html","doc_html","",""
"!(bindpath.doc_html)howto\perf_profiling.html","Doc_html\howto\perf_profiling.html","doc_html","",""
"!(bindpath.doc_html)howto\pyporting.html","Doc_html\howto\pyporting.html","doc_html","",""
"!(bindpath.doc_html)howto\regex.html","Doc_html\howto\regex.html","doc_html","",""
"!(bindpath.doc_html)howto\remote_debugging.html","Doc_html\howto\remote_debugging.html","doc_html","",""
"!(bindpath.doc_html)howto\sockets.html","Doc_html\howto\sockets.html","doc_html","",""
"!(bindpath.doc_html)howto\sorting.html","Doc_html\howto\sorting.html","doc_html","",""
"!(bindpath.doc_html)howto\timerfd.html","Doc_html\howto\timerfd.html","doc_html","",""
"!(bindpath.doc_html)howto\unicode.html","Doc_html\howto\unicode.html","doc_html","",""
"!(bindpath.doc_html)howto\urllib2.html","Doc_html\howto\urllib2.html","doc_html","",""
"!(bindpath.doc_html)index.html","Doc_html\index.html","doc_html","",""
"!(bindpath.doc_html)installing\index.html","Doc_html\installing\index.html","doc_html","",""
"!(bindpath.doc_html)library\abc.html","Doc_html\library\abc.html","doc_html","",""
"!(bindpath.doc_html)library\aifc.html","Doc_html\library\aifc.html","doc_html","",""
"!(bindpath.doc_html)library\allos.html","Doc_html\library\allos.html","doc_html","",""
"!(bindpath.doc_html)library\annotationlib.html","Doc_html\library\annotationlib.html","doc_html","",""
"!(bindpath.doc_html)library\archiving.html","Doc_html\library\archiving.html","doc_html","",""
"!(bindpath.doc_html)library\argparse.html","Doc_html\library\argparse.html","doc_html","",""
"!(bindpath.doc_html)library\array.html","Doc_html\library\array.html","doc_html","",""
"!(bindpath.doc_html)library\ast.html","Doc_html\library\ast.html","doc_html","",""
"!(bindpath.doc_html)library\asynchat.html","Doc_html\library\asynchat.html","doc_html","",""
"!(bindpath.doc_html)library\asyncio-api-index.html","Doc_html\library\asyncio-api-index.html","doc_html","",""
"!(bindpath.doc_html)library\asyncio-dev.html","Doc_html\library\asyncio-dev.html","doc_html","",""
"!(bindpath.doc_html)library\asyncio-eventloop.html","Doc_html\library\asyncio-eventloop.html","doc_html","",""
"!(bindpath.doc_html)library\asyncio-exceptions.html","Doc_html\library\asyncio-exceptions.html","doc_html","",""
"!(bindpath.doc_html)library\asyncio-extending.html","Doc_html\library\asyncio-extending.html","doc_html","",""
"!(bindpath.doc_html)library\asyncio-future.html","Doc_html\library\asyncio-future.html","doc_html","",""
"!(bindpath.doc_html)library\asyncio-graph.html","Doc_html\library\asyncio-graph.html","doc_html","",""
"!(bindpath.doc_html)library\asyncio-llapi-index.html","Doc_html\library\asyncio-llapi-index.html","doc_html","",""
"!(bindpath.doc_html)library\asyncio-platforms.html","Doc_html\library\asyncio-platforms.html","doc_html","",""
"!(bindpath.doc_html)library\asyncio-policy.html","Doc_html\library\asyncio-policy.html","doc_html","",""
"!(bindpath.doc_html)library\asyncio-protocol.html","Doc_html\library\asyncio-protocol.html","doc_html","",""
"!(bindpath.doc_html)library\asyncio-queue.html","Doc_html\library\asyncio-queue.html","doc_html","",""
"!(bindpath.doc_html)library\asyncio-runner.html","Doc_html\library\asyncio-runner.html","doc_html","",""
"!(bindpath.doc_html)library\asyncio-stream.html","Doc_html\library\asyncio-stream.html","doc_html","",""
"!(bindpath.doc_html)library\asyncio-subprocess.html","Doc_html\library\asyncio-subprocess.html","doc_html","",""
"!(bindpath.doc_html)library\asyncio-sync.html","Doc_html\library\asyncio-sync.html","doc_html","",""
"!(bindpath.doc_html)library\asyncio-task.html","Doc_html\library\asyncio-task.html","doc_html","",""
"!(bindpath.doc_html)library\asyncio.html","Doc_html\library\asyncio.html","doc_html","",""
"!(bindpath.doc_html)library\asyncore.html","Doc_html\library\asyncore.html","doc_html","",""
"!(bindpath.doc_html)library\atexit.html","Doc_html\library\atexit.html","doc_html","",""
"!(bindpath.doc_html)library\audioop.html","Doc_html\library\audioop.html","doc_html","",""
"!(bindpath.doc_html)library\audit_events.html","Doc_html\library\audit_events.html","doc_html","",""
"!(bindpath.doc_html)library\base64.html","Doc_html\library\base64.html","doc_html","",""
"!(bindpath.doc_html)library\bdb.html","Doc_html\library\bdb.html","doc_html","",""
"!(bindpath.doc_html)library\binary.html","Doc_html\library\binary.html","doc_html","",""
"!(bindpath.doc_html)library\binascii.html","Doc_html\library\binascii.html","doc_html","",""
"!(bindpath.doc_html)library\bisect.html","Doc_html\library\bisect.html","doc_html","",""
"!(bindpath.doc_html)library\builtins.html","Doc_html\library\builtins.html","doc_html","",""
"!(bindpath.doc_html)library\bz2.html","Doc_html\library\bz2.html","doc_html","",""
"!(bindpath.doc_html)library\calendar.html","Doc_html\library\calendar.html","doc_html","",""
"!(bindpath.doc_html)library\cgi.html","Doc_html\library\cgi.html","doc_html","",""
"!(bindpath.doc_html)library\cgitb.html","Doc_html\library\cgitb.html","doc_html","",""
"!(bindpath.doc_html)library\chunk.html","Doc_html\library\chunk.html","doc_html","",""
"!(bindpath.doc_html)library\cmath.html","Doc_html\library\cmath.html","doc_html","",""
"!(bindpath.doc_html)library\cmd.html","Doc_html\library\cmd.html","doc_html","",""
"!(bindpath.doc_html)library\cmdline.html","Doc_html\library\cmdline.html","doc_html","",""
"!(bindpath.doc_html)library\cmdlinelibs.html","Doc_html\library\cmdlinelibs.html","doc_html","",""
"!(bindpath.doc_html)library\code.html","Doc_html\library\code.html","doc_html","",""
"!(bindpath.doc_html)library\codecs.html","Doc_html\library\codecs.html","doc_html","",""
"!(bindpath.doc_html)library\codeop.html","Doc_html\library\codeop.html","doc_html","",""
"!(bindpath.doc_html)library\collections.abc.html","Doc_html\library\collections.abc.html","doc_html","",""
"!(bindpath.doc_html)library\collections.html","Doc_html\library\collections.html","doc_html","",""
"!(bindpath.doc_html)library\colorsys.html","Doc_html\library\colorsys.html","doc_html","",""
"!(bindpath.doc_html)library\compileall.html","Doc_html\library\compileall.html","doc_html","",""
"!(bindpath.doc_html)library\compression.html","Doc_html\library\compression.html","doc_html","",""
"!(bindpath.doc_html)library\compression.zstd.html","Doc_html\library\compression.zstd.html","doc_html","",""
"!(bindpath.doc_html)library\concurrency.html","Doc_html\library\concurrency.html","doc_html","",""
"!(bindpath.doc_html)library\concurrent.futures.html","Doc_html\library\concurrent.futures.html","doc_html","",""
"!(bindpath.doc_html)library\concurrent.html","Doc_html\library\concurrent.html","doc_html","",""
"!(bindpath.doc_html)library\concurrent.interpreters.html","Doc_html\library\concurrent.interpreters.html","doc_html","",""
"!(bindpath.doc_html)library\configparser.html","Doc_html\library\configparser.html","doc_html","",""
"!(bindpath.doc_html)library\constants.html","Doc_html\library\constants.html","doc_html","",""
"!(bindpath.doc_html)library\contextlib.html","Doc_html\library\contextlib.html","doc_html","",""
"!(bindpath.doc_html)library\contextvars.html","Doc_html\library\contextvars.html","doc_html","",""
"!(bindpath.doc_html)library\copy.html","Doc_html\library\copy.html","doc_html","",""
"!(bindpath.doc_html)library\copyreg.html","Doc_html\library\copyreg.html","doc_html","",""
"!(bindpath.doc_html)library\crypt.html","Doc_html\library\crypt.html","doc_html","",""
"!(bindpath.doc_html)library\crypto.html","Doc_html\library\crypto.html","doc_html","",""
"!(bindpath.doc_html)library\csv.html","Doc_html\library\csv.html","doc_html","",""
"!(bindpath.doc_html)library\ctypes.html","Doc_html\library\ctypes.html","doc_html","",""
"!(bindpath.doc_html)library\curses.ascii.html","Doc_html\library\curses.ascii.html","doc_html","",""
"!(bindpath.doc_html)library\curses.html","Doc_html\library\curses.html","doc_html","",""
"!(bindpath.doc_html)library\curses.panel.html","Doc_html\library\curses.panel.html","doc_html","",""
"!(bindpath.doc_html)library\custominterp.html","Doc_html\library\custominterp.html","doc_html","",""
"!(bindpath.doc_html)library\dataclasses.html","Doc_html\library\dataclasses.html","doc_html","",""
"!(bindpath.doc_html)library\datatypes.html","Doc_html\library\datatypes.html","doc_html","",""
"!(bindpath.doc_html)library\datetime.html","Doc_html\library\datetime.html","doc_html","",""
"!(bindpath.doc_html)library\dbm.html","Doc_html\library\dbm.html","doc_html","",""
"!(bindpath.doc_html)library\debug.html","Doc_html\library\debug.html","doc_html","",""
"!(bindpath.doc_html)library\decimal.html","Doc_html\library\decimal.html","doc_html","",""
"!(bindpath.doc_html)library\development.html","Doc_html\library\development.html","doc_html","",""
"!(bindpath.doc_html)library\devmode.html","Doc_html\library\devmode.html","doc_html","",""
"!(bindpath.doc_html)library\dialog.html","Doc_html\library\dialog.html","doc_html","",""
"!(bindpath.doc_html)library\difflib.html","Doc_html\library\difflib.html","doc_html","",""
"!(bindpath.doc_html)library\dis.html","Doc_html\library\dis.html","doc_html","",""
"!(bindpath.doc_html)library\distribution.html","Doc_html\library\distribution.html","doc_html","",""
"!(bindpath.doc_html)library\distutils.html","Doc_html\library\distutils.html","doc_html","",""
"!(bindpath.doc_html)library\doctest.html","Doc_html\library\doctest.html","doc_html","",""
"!(bindpath.doc_html)library\email.charset.html","Doc_html\library\email.charset.html","doc_html","",""
"!(bindpath.doc_html)library\email.compat32-message.html","Doc_html\library\email.compat32-message.html","doc_html","",""
"!(bindpath.doc_html)library\email.contentmanager.html","Doc_html\library\email.contentmanager.html","doc_html","",""
"!(bindpath.doc_html)library\email.encoders.html","Doc_html\library\email.encoders.html","doc_html","",""
"!(bindpath.doc_html)library\email.errors.html","Doc_html\library\email.errors.html","doc_html","",""
"!(bindpath.doc_html)library\email.examples.html","Doc_html\library\email.examples.html","doc_html","",""
"!(bindpath.doc_html)library\email.generator.html","Doc_html\library\email.generator.html","doc_html","",""
"!(bindpath.doc_html)library\email.header.html","Doc_html\library\email.header.html","doc_html","",""
"!(bindpath.doc_html)library\email.headerregistry.html","Doc_html\library\email.headerregistry.html","doc_html","",""
"!(bindpath.doc_html)library\email.html","Doc_html\library\email.html","doc_html","",""
"!(bindpath.doc_html)library\email.iterators.html","Doc_html\library\email.iterators.html","doc_html","",""
"!(bindpath.doc_html)library\email.message.html","Doc_html\library\email.message.html","doc_html","",""
"!(bindpath.doc_html)library\email.mime.html","Doc_html\library\email.mime.html","doc_html","",""
"!(bindpath.doc_html)library\email.parser.html","Doc_html\library\email.parser.html","doc_html","",""
"!(bindpath.doc_html)library\email.policy.html","Doc_html\library\email.policy.html","doc_html","",""
"!(bindpath.doc_html)library\email.utils.html","Doc_html\library\email.utils.html","doc_html","",""
"!(bindpath.doc_html)library\ensurepip.html","Doc_html\library\ensurepip.html","doc_html","",""
"!(bindpath.doc_html)library\enum.html","Doc_html\library\enum.html","doc_html","",""
"!(bindpath.doc_html)library\errno.html","Doc_html\library\errno.html","doc_html","",""
"!(bindpath.doc_html)library\exceptions.html","Doc_html\library\exceptions.html","doc_html","",""
"!(bindpath.doc_html)library\faulthandler.html","Doc_html\library\faulthandler.html","doc_html","",""
"!(bindpath.doc_html)library\fcntl.html","Doc_html\library\fcntl.html","doc_html","",""
"!(bindpath.doc_html)library\filecmp.html","Doc_html\library\filecmp.html","doc_html","",""
"!(bindpath.doc_html)library\fileformats.html","Doc_html\library\fileformats.html","doc_html","",""
"!(bindpath.doc_html)library\fileinput.html","Doc_html\library\fileinput.html","doc_html","",""
"!(bindpath.doc_html)library\filesys.html","Doc_html\library\filesys.html","doc_html","",""
"!(bindpath.doc_html)library\fnmatch.html","Doc_html\library\fnmatch.html","doc_html","",""
"!(bindpath.doc_html)library\fractions.html","Doc_html\library\fractions.html","doc_html","",""
"!(bindpath.doc_html)library\frameworks.html","Doc_html\library\frameworks.html","doc_html","",""
"!(bindpath.doc_html)library\ftplib.html","Doc_html\library\ftplib.html","doc_html","",""
"!(bindpath.doc_html)library\functional.html","Doc_html\library\functional.html","doc_html","",""
"!(bindpath.doc_html)library\functions.html","Doc_html\library\functions.html","doc_html","",""
"!(bindpath.doc_html)library\functools.html","Doc_html\library\functools.html","doc_html","",""
"!(bindpath.doc_html)library\gc.html","Doc_html\library\gc.html","doc_html","",""
"!(bindpath.doc_html)library\getopt.html","Doc_html\library\getopt.html","doc_html","",""
"!(bindpath.doc_html)library\getpass.html","Doc_html\library\getpass.html","doc_html","",""
"!(bindpath.doc_html)library\gettext.html","Doc_html\library\gettext.html","doc_html","",""
"!(bindpath.doc_html)library\glob.html","Doc_html\library\glob.html","doc_html","",""
"!(bindpath.doc_html)library\graphlib.html","Doc_html\library\graphlib.html","doc_html","",""
"!(bindpath.doc_html)library\grp.html","Doc_html\library\grp.html","doc_html","",""
"!(bindpath.doc_html)library\gzip.html","Doc_html\library\gzip.html","doc_html","",""
"!(bindpath.doc_html)library\hashlib.html","Doc_html\library\hashlib.html","doc_html","",""
"!(bindpath.doc_html)library\heapq.html","Doc_html\library\heapq.html","doc_html","",""
"!(bindpath.doc_html)library\hmac.html","Doc_html\library\hmac.html","doc_html","",""
"!(bindpath.doc_html)library\html.entities.html","Doc_html\library\html.entities.html","doc_html","",""
"!(bindpath.doc_html)library\html.html","Doc_html\library\html.html","doc_html","",""
"!(bindpath.doc_html)library\html.parser.html","Doc_html\library\html.parser.html","doc_html","",""
"!(bindpath.doc_html)library\http.client.html","Doc_html\library\http.client.html","doc_html","",""
"!(bindpath.doc_html)library\http.cookiejar.html","Doc_html\library\http.cookiejar.html","doc_html","",""
"!(bindpath.doc_html)library\http.cookies.html","Doc_html\library\http.cookies.html","doc_html","",""
"!(bindpath.doc_html)library\http.html","Doc_html\library\http.html","doc_html","",""
"!(bindpath.doc_html)library\http.server.html","Doc_html\library\http.server.html","doc_html","",""
"!(bindpath.doc_html)library\i18n.html","Doc_html\library\i18n.html","doc_html","",""
"!(bindpath.doc_html)library\idle.html","Doc_html\library\idle.html","doc_html","",""
"!(bindpath.doc_html)library\imaplib.html","Doc_html\library\imaplib.html","doc_html","",""
"!(bindpath.doc_html)library\imghdr.html","Doc_html\library\imghdr.html","doc_html","",""
"!(bindpath.doc_html)library\imp.html","Doc_html\library\imp.html","doc_html","",""
"!(bindpath.doc_html)library\importlib.html","Doc_html\library\importlib.html","doc_html","",""
"!(bindpath.doc_html)library\importlib.metadata.html","Doc_html\library\importlib.metadata.html","doc_html","",""
"!(bindpath.doc_html)library\importlib.resources.abc.html","Doc_html\library\importlib.resources.abc.html","doc_html","",""
"!(bindpath.doc_html)library\importlib.resources.html","Doc_html\library\importlib.resources.html","doc_html","",""
"!(bindpath.doc_html)library\index.html","Doc_html\library\index.html","doc_html","",""
"!(bindpath.doc_html)library\inspect.html","Doc_html\library\inspect.html","doc_html","",""
"!(bindpath.doc_html)library\internet.html","Doc_html\library\internet.html","doc_html","",""
"!(bindpath.doc_html)library\intro.html","Doc_html\library\intro.html","doc_html","",""
"!(bindpath.doc_html)library\io.html","Doc_html\library\io.html","doc_html","",""
"!(bindpath.doc_html)library\ipaddress.html","Doc_html\library\ipaddress.html","doc_html","",""
"!(bindpath.doc_html)library\ipc.html","Doc_html\library\ipc.html","doc_html","",""
"!(bindpath.doc_html)library\itertools.html","Doc_html\library\itertools.html","doc_html","",""
"!(bindpath.doc_html)library\json.html","Doc_html\library\json.html","doc_html","",""
"!(bindpath.doc_html)library\keyword.html","Doc_html\library\keyword.html","doc_html","",""
"!(bindpath.doc_html)library\language.html","Doc_html\library\language.html","doc_html","",""
"!(bindpath.doc_html)library\linecache.html","Doc_html\library\linecache.html","doc_html","",""
"!(bindpath.doc_html)library\locale.html","Doc_html\library\locale.html","doc_html","",""
"!(bindpath.doc_html)library\logging.config.html","Doc_html\library\logging.config.html","doc_html","",""
"!(bindpath.doc_html)library\logging.handlers.html","Doc_html\library\logging.handlers.html","doc_html","",""
"!(bindpath.doc_html)library\logging.html","Doc_html\library\logging.html","doc_html","",""
"!(bindpath.doc_html)library\lzma.html","Doc_html\library\lzma.html","doc_html","",""
"!(bindpath.doc_html)library\mailbox.html","Doc_html\library\mailbox.html","doc_html","",""
"!(bindpath.doc_html)library\mailcap.html","Doc_html\library\mailcap.html","doc_html","",""
"!(bindpath.doc_html)library\markup.html","Doc_html\library\markup.html","doc_html","",""
"!(bindpath.doc_html)library\marshal.html","Doc_html\library\marshal.html","doc_html","",""
"!(bindpath.doc_html)library\math.html","Doc_html\library\math.html","doc_html","",""
"!(bindpath.doc_html)library\mimetypes.html","Doc_html\library\mimetypes.html","doc_html","",""
"!(bindpath.doc_html)library\mm.html","Doc_html\library\mm.html","doc_html","",""
"!(bindpath.doc_html)library\mmap.html","Doc_html\library\mmap.html","doc_html","",""
"!(bindpath.doc_html)library\modulefinder.html","Doc_html\library\modulefinder.html","doc_html","",""
"!(bindpath.doc_html)library\modules.html","Doc_html\library\modules.html","doc_html","",""
"!(bindpath.doc_html)library\msilib.html","Doc_html\library\msilib.html","doc_html","",""
"!(bindpath.doc_html)library\msvcrt.html","Doc_html\library\msvcrt.html","doc_html","",""
"!(bindpath.doc_html)library\multiprocessing.html","Doc_html\library\multiprocessing.html","doc_html","",""
"!(bindpath.doc_html)library\multiprocessing.shared_memory.html","Doc_html\library\multiprocessing.shared_memory.html","doc_html","",""
"!(bindpath.doc_html)library\netdata.html","Doc_html\library\netdata.html","doc_html","",""
"!(bindpath.doc_html)library\netrc.html","Doc_html\library\netrc.html","doc_html","",""
"!(bindpath.doc_html)library\nis.html","Doc_html\library\nis.html","doc_html","",""
"!(bindpath.doc_html)library\nntplib.html","Doc_html\library\nntplib.html","doc_html","",""
"!(bindpath.doc_html)library\numbers.html","Doc_html\library\numbers.html","doc_html","",""
"!(bindpath.doc_html)library\numeric.html","Doc_html\library\numeric.html","doc_html","",""
"!(bindpath.doc_html)library\operator.html","Doc_html\library\operator.html","doc_html","",""
"!(bindpath.doc_html)library\optparse.html","Doc_html\library\optparse.html","doc_html","",""
"!(bindpath.doc_html)library\os.html","Doc_html\library\os.html","doc_html","",""
"!(bindpath.doc_html)library\os.path.html","Doc_html\library\os.path.html","doc_html","",""
"!(bindpath.doc_html)library\ossaudiodev.html","Doc_html\library\ossaudiodev.html","doc_html","",""
"!(bindpath.doc_html)library\pathlib.html","Doc_html\library\pathlib.html","doc_html","",""
"!(bindpath.doc_html)library\pdb.html","Doc_html\library\pdb.html","doc_html","",""
"!(bindpath.doc_html)library\persistence.html","Doc_html\library\persistence.html","doc_html","",""
"!(bindpath.doc_html)library\pickle.html","Doc_html\library\pickle.html","doc_html","",""
"!(bindpath.doc_html)library\pickletools.html","Doc_html\library\pickletools.html","doc_html","",""
"!(bindpath.doc_html)library\pipes.html","Doc_html\library\pipes.html","doc_html","",""
"!(bindpath.doc_html)library\pkgutil.html","Doc_html\library\pkgutil.html","doc_html","",""
"!(bindpath.doc_html)library\platform.html","Doc_html\library\platform.html","doc_html","",""
"!(bindpath.doc_html)library\plistlib.html","Doc_html\library\plistlib.html","doc_html","",""
"!(bindpath.doc_html)library\poplib.html","Doc_html\library\poplib.html","doc_html","",""
"!(bindpath.doc_html)library\posix.html","Doc_html\library\posix.html","doc_html","",""
"!(bindpath.doc_html)library\pprint.html","Doc_html\library\pprint.html","doc_html","",""
"!(bindpath.doc_html)library\profile.html","Doc_html\library\profile.html","doc_html","",""
"!(bindpath.doc_html)library\pty.html","Doc_html\library\pty.html","doc_html","",""
"!(bindpath.doc_html)library\pwd.html","Doc_html\library\pwd.html","doc_html","",""
"!(bindpath.doc_html)library\pyclbr.html","Doc_html\library\pyclbr.html","doc_html","",""
"!(bindpath.doc_html)library\pydoc.html","Doc_html\library\pydoc.html","doc_html","",""
"!(bindpath.doc_html)library\pyexpat.html","Doc_html\library\pyexpat.html","doc_html","",""
"!(bindpath.doc_html)library\python.html","Doc_html\library\python.html","doc_html","",""
"!(bindpath.doc_html)library\py_compile.html","Doc_html\library\py_compile.html","doc_html","",""
"!(bindpath.doc_html)library\queue.html","Doc_html\library\queue.html","doc_html","",""
"!(bindpath.doc_html)library\quopri.html","Doc_html\library\quopri.html","doc_html","",""
"!(bindpath.doc_html)library\random.html","Doc_html\library\random.html","doc_html","",""
"!(bindpath.doc_html)library\re.html","Doc_html\library\re.html","doc_html","",""
"!(bindpath.doc_html)library\readline.html","Doc_html\library\readline.html","doc_html","",""
"!(bindpath.doc_html)library\removed.html","Doc_html\library\removed.html","doc_html","",""
"!(bindpath.doc_html)library\reprlib.html","Doc_html\library\reprlib.html","doc_html","",""
"!(bindpath.doc_html)library\resource.html","Doc_html\library\resource.html","doc_html","",""
"!(bindpath.doc_html)library\rlcompleter.html","Doc_html\library\rlcompleter.html","doc_html","",""
"!(bindpath.doc_html)library\runpy.html","Doc_html\library\runpy.html","doc_html","",""
"!(bindpath.doc_html)library\sched.html","Doc_html\library\sched.html","doc_html","",""
"!(bindpath.doc_html)library\secrets.html","Doc_html\library\secrets.html","doc_html","",""
"!(bindpath.doc_html)library\security_warnings.html","Doc_html\library\security_warnings.html","doc_html","",""
"!(bindpath.doc_html)library\select.html","Doc_html\library\select.html","doc_html","",""
"!(bindpath.doc_html)library\selectors.html","Doc_html\library\selectors.html","doc_html","",""
"!(bindpath.doc_html)library\shelve.html","Doc_html\library\shelve.html","doc_html","",""
"!(bindpath.doc_html)library\shlex.html","Doc_html\library\shlex.html","doc_html","",""
"!(bindpath.doc_html)library\shutil.html","Doc_html\library\shutil.html","doc_html","",""
"!(bindpath.doc_html)library\signal.html","Doc_html\library\signal.html","doc_html","",""
"!(bindpath.doc_html)library\site.html","Doc_html\library\site.html","doc_html","",""
"!(bindpath.doc_html)library\smtpd.html","Doc_html\library\smtpd.html","doc_html","",""
"!(bindpath.doc_html)library\smtplib.html","Doc_html\library\smtplib.html","doc_html","",""
"!(bindpath.doc_html)library\sndhdr.html","Doc_html\library\sndhdr.html","doc_html","",""
"!(bindpath.doc_html)library\socket.html","Doc_html\library\socket.html","doc_html","",""
"!(bindpath.doc_html)library\socketserver.html","Doc_html\library\socketserver.html","doc_html","",""
"!(bindpath.doc_html)library\spwd.html","Doc_html\library\spwd.html","doc_html","",""
"!(bindpath.doc_html)library\sqlite3.html","Doc_html\library\sqlite3.html","doc_html","",""
"!(bindpath.doc_html)library\ssl.html","Doc_html\library\ssl.html","doc_html","",""
"!(bindpath.doc_html)library\stat.html","Doc_html\library\stat.html","doc_html","",""
"!(bindpath.doc_html)library\statistics.html","Doc_html\library\statistics.html","doc_html","",""
"!(bindpath.doc_html)library\stdtypes.html","Doc_html\library\stdtypes.html","doc_html","",""
"!(bindpath.doc_html)library\string.html","Doc_html\library\string.html","doc_html","",""
"!(bindpath.doc_html)library\string.templatelib.html","Doc_html\library\string.templatelib.html","doc_html","",""
"!(bindpath.doc_html)library\stringprep.html","Doc_html\library\stringprep.html","doc_html","",""
"!(bindpath.doc_html)library\struct.html","Doc_html\library\struct.html","doc_html","",""
"!(bindpath.doc_html)library\subprocess.html","Doc_html\library\subprocess.html","doc_html","",""
"!(bindpath.doc_html)library\sunau.html","Doc_html\library\sunau.html","doc_html","",""
"!(bindpath.doc_html)library\superseded.html","Doc_html\library\superseded.html","doc_html","",""
"!(bindpath.doc_html)library\symtable.html","Doc_html\library\symtable.html","doc_html","",""
"!(bindpath.doc_html)library\sys.html","Doc_html\library\sys.html","doc_html","",""
"!(bindpath.doc_html)library\sys.monitoring.html","Doc_html\library\sys.monitoring.html","doc_html","",""
"!(bindpath.doc_html)library\sysconfig.html","Doc_html\library\sysconfig.html","doc_html","",""
"!(bindpath.doc_html)library\syslog.html","Doc_html\library\syslog.html","doc_html","",""
"!(bindpath.doc_html)library\sys_path_init.html","Doc_html\library\sys_path_init.html","doc_html","",""
"!(bindpath.doc_html)library\tabnanny.html","Doc_html\library\tabnanny.html","doc_html","",""
"!(bindpath.doc_html)library\tarfile.html","Doc_html\library\tarfile.html","doc_html","",""
"!(bindpath.doc_html)library\telnetlib.html","Doc_html\library\telnetlib.html","doc_html","",""
"!(bindpath.doc_html)library\tempfile.html","Doc_html\library\tempfile.html","doc_html","",""
"!(bindpath.doc_html)library\termios.html","Doc_html\library\termios.html","doc_html","",""
"!(bindpath.doc_html)library\test.html","Doc_html\library\test.html","doc_html","",""
"!(bindpath.doc_html)library\text.html","Doc_html\library\text.html","doc_html","",""
"!(bindpath.doc_html)library\textwrap.html","Doc_html\library\textwrap.html","doc_html","",""
"!(bindpath.doc_html)library\threading.html","Doc_html\library\threading.html","doc_html","",""
"!(bindpath.doc_html)library\time.html","Doc_html\library\time.html","doc_html","",""
"!(bindpath.doc_html)library\timeit.html","Doc_html\library\timeit.html","doc_html","",""
"!(bindpath.doc_html)library\tk.html","Doc_html\library\tk.html","doc_html","",""
"!(bindpath.doc_html)library\tkinter.colorchooser.html","Doc_html\library\tkinter.colorchooser.html","doc_html","",""
"!(bindpath.doc_html)library\tkinter.dnd.html","Doc_html\library\tkinter.dnd.html","doc_html","",""
"!(bindpath.doc_html)library\tkinter.font.html","Doc_html\library\tkinter.font.html","doc_html","",""
"!(bindpath.doc_html)library\tkinter.html","Doc_html\library\tkinter.html","doc_html","",""
"!(bindpath.doc_html)library\tkinter.messagebox.html","Doc_html\library\tkinter.messagebox.html","doc_html","",""
"!(bindpath.doc_html)library\tkinter.scrolledtext.html","Doc_html\library\tkinter.scrolledtext.html","doc_html","",""
"!(bindpath.doc_html)library\tkinter.ttk.html","Doc_html\library\tkinter.ttk.html","doc_html","",""
"!(bindpath.doc_html)library\token.html","Doc_html\library\token.html","doc_html","",""
"!(bindpath.doc_html)library\tokenize.html","Doc_html\library\tokenize.html","doc_html","",""
"!(bindpath.doc_html)library\tomllib.html","Doc_html\library\tomllib.html","doc_html","",""
"!(bindpath.doc_html)library\trace.html","Doc_html\library\trace.html","doc_html","",""
"!(bindpath.doc_html)library\traceback.html","Doc_html\library\traceback.html","doc_html","",""
"!(bindpath.doc_html)library\tracemalloc.html","Doc_html\library\tracemalloc.html","doc_html","",""
"!(bindpath.doc_html)library\tty.html","Doc_html\library\tty.html","doc_html","",""
"!(bindpath.doc_html)library\turtle.html","Doc_html\library\turtle.html","doc_html","",""
"!(bindpath.doc_html)library\types.html","Doc_html\library\types.html","doc_html","",""
"!(bindpath.doc_html)library\typing.html","Doc_html\library\typing.html","doc_html","",""
"!(bindpath.doc_html)library\unicodedata.html","Doc_html\library\unicodedata.html","doc_html","",""
"!(bindpath.doc_html)library\unittest.html","Doc_html\library\unittest.html","doc_html","",""
"!(bindpath.doc_html)library\unittest.mock-examples.html","Doc_html\library\unittest.mock-examples.html","doc_html","",""
"!(bindpath.doc_html)library\unittest.mock.html","Doc_html\library\unittest.mock.html","doc_html","",""
"!(bindpath.doc_html)library\unix.html","Doc_html\library\unix.html","doc_html","",""
"!(bindpath.doc_html)library\urllib.error.html","Doc_html\library\urllib.error.html","doc_html","",""
"!(bindpath.doc_html)library\urllib.html","Doc_html\library\urllib.html","doc_html","",""
"!(bindpath.doc_html)library\urllib.parse.html","Doc_html\library\urllib.parse.html","doc_html","",""
"!(bindpath.doc_html)library\urllib.request.html","Doc_html\library\urllib.request.html","doc_html","",""
"!(bindpath.doc_html)library\urllib.robotparser.html","Doc_html\library\urllib.robotparser.html","doc_html","",""
"!(bindpath.doc_html)library\uu.html","Doc_html\library\uu.html","doc_html","",""
"!(bindpath.doc_html)library\uuid.html","Doc_html\library\uuid.html","doc_html","",""
"!(bindpath.doc_html)library\venv.html","Doc_html\library\venv.html","doc_html","",""
"!(bindpath.doc_html)library\warnings.html","Doc_html\library\warnings.html","doc_html","",""
"!(bindpath.doc_html)library\wave.html","Doc_html\library\wave.html","doc_html","",""
"!(bindpath.doc_html)library\weakref.html","Doc_html\library\weakref.html","doc_html","",""
"!(bindpath.doc_html)library\webbrowser.html","Doc_html\library\webbrowser.html","doc_html","",""
"!(bindpath.doc_html)library\windows.html","Doc_html\library\windows.html","doc_html","",""
"!(bindpath.doc_html)library\winreg.html","Doc_html\library\winreg.html","doc_html","",""
"!(bindpath.doc_html)library\winsound.html","Doc_html\library\winsound.html","doc_html","",""
"!(bindpath.doc_html)library\wsgiref.html","Doc_html\library\wsgiref.html","doc_html","",""
"!(bindpath.doc_html)library\xdrlib.html","Doc_html\library\xdrlib.html","doc_html","",""
"!(bindpath.doc_html)library\xml.dom.html","Doc_html\library\xml.dom.html","doc_html","",""
"!(bindpath.doc_html)library\xml.dom.minidom.html","Doc_html\library\xml.dom.minidom.html","doc_html","",""
"!(bindpath.doc_html)library\xml.dom.pulldom.html","Doc_html\library\xml.dom.pulldom.html","doc_html","",""
"!(bindpath.doc_html)library\xml.etree.elementtree.html","Doc_html\library\xml.etree.elementtree.html","doc_html","",""
"!(bindpath.doc_html)library\xml.html","Doc_html\library\xml.html","doc_html","",""
"!(bindpath.doc_html)library\xml.sax.handler.html","Doc_html\library\xml.sax.handler.html","doc_html","",""
"!(bindpath.doc_html)library\xml.sax.html","Doc_html\library\xml.sax.html","doc_html","",""
"!(bindpath.doc_html)library\xml.sax.reader.html","Doc_html\library\xml.sax.reader.html","doc_html","",""
"!(bindpath.doc_html)library\xml.sax.utils.html","Doc_html\library\xml.sax.utils.html","doc_html","",""
"!(bindpath.doc_html)library\xmlrpc.client.html","Doc_html\library\xmlrpc.client.html","doc_html","",""
"!(bindpath.doc_html)library\xmlrpc.html","Doc_html\library\xmlrpc.html","doc_html","",""
"!(bindpath.doc_html)library\xmlrpc.server.html","Doc_html\library\xmlrpc.server.html","doc_html","",""
"!(bindpath.doc_html)library\zipapp.html","Doc_html\library\zipapp.html","doc_html","",""
"!(bindpath.doc_html)library\zipfile.html","Doc_html\library\zipfile.html","doc_html","",""
"!(bindpath.doc_html)library\zipimport.html","Doc_html\library\zipimport.html","doc_html","",""
"!(bindpath.doc_html)library\zlib.html","Doc_html\library\zlib.html","doc_html","",""
"!(bindpath.doc_html)library\zoneinfo.html","Doc_html\library\zoneinfo.html","doc_html","",""
"!(bindpath.doc_html)library\_thread.html","Doc_html\library\_thread.html","doc_html","",""
"!(bindpath.doc_html)library\__future__.html","Doc_html\library\__future__.html","doc_html","",""
"!(bindpath.doc_html)library\__main__.html","Doc_html\library\__main__.html","doc_html","",""
"!(bindpath.doc_html)license.html","Doc_html\license.html","doc_html","",""
"!(bindpath.doc_html)objects.inv","Doc_html\objects.inv","doc_html","",""
"!(bindpath.doc_html)py-modindex.html","Doc_html\py-modindex.html","doc_html","",""
"!(bindpath.doc_html)reference\compound_stmts.html","Doc_html\reference\compound_stmts.html","doc_html","",""
"!(bindpath.doc_html)reference\datamodel.html","Doc_html\reference\datamodel.html","doc_html","",""
"!(bindpath.doc_html)reference\executionmodel.html","Doc_html\reference\executionmodel.html","doc_html","",""
"!(bindpath.doc_html)reference\expressions.html","Doc_html\reference\expressions.html","doc_html","",""
"!(bindpath.doc_html)reference\grammar.html","Doc_html\reference\grammar.html","doc_html","",""
"!(bindpath.doc_html)reference\import.html","Doc_html\reference\import.html","doc_html","",""
"!(bindpath.doc_html)reference\index.html","Doc_html\reference\index.html","doc_html","",""
"!(bindpath.doc_html)reference\introduction.html","Doc_html\reference\introduction.html","doc_html","",""
"!(bindpath.doc_html)reference\lexical_analysis.html","Doc_html\reference\lexical_analysis.html","doc_html","",""
"!(bindpath.doc_html)reference\simple_stmts.html","Doc_html\reference\simple_stmts.html","doc_html","",""
"!(bindpath.doc_html)reference\toplevel_components.html","Doc_html\reference\toplevel_components.html","doc_html","",""
"!(bindpath.doc_html)search.html","Doc_html\search.html","doc_html","",""
"!(bindpath.doc_html)searchindex.js","Doc_html\searchindex.js","doc_html","",""
"!(bindpath.doc_html)tutorial\appendix.html","Doc_html\tutorial\appendix.html","doc_html","",""
"!(bindpath.doc_html)tutorial\appetite.html","Doc_html\tutorial\appetite.html","doc_html","",""
"!(bindpath.doc_html)tutorial\classes.html","Doc_html\tutorial\classes.html","doc_html","",""
"!(bindpath.doc_html)tutorial\controlflow.html","Doc_html\tutorial\controlflow.html","doc_html","",""
"!(bindpath.doc_html)tutorial\datastructures.html","Doc_html\tutorial\datastructures.html","doc_html","",""
"!(bindpath.doc_html)tutorial\errors.html","Doc_html\tutorial\errors.html","doc_html","",""
"!(bindpath.doc_html)tutorial\floatingpoint.html","Doc_html\tutorial\floatingpoint.html","doc_html","",""
"!(bindpath.doc_html)tutorial\index.html","Doc_html\tutorial\index.html","doc_html","",""
"!(bindpath.doc_html)tutorial\inputoutput.html","Doc_html\tutorial\inputoutput.html","doc_html","",""
"!(bindpath.doc_html)tutorial\interactive.html","Doc_html\tutorial\interactive.html","doc_html","",""
"!(bindpath.doc_html)tutorial\interpreter.html","Doc_html\tutorial\interpreter.html","doc_html","",""
"!(bindpath.doc_html)tutorial\introduction.html","Doc_html\tutorial\introduction.html","doc_html","",""
"!(bindpath.doc_html)tutorial\modules.html","Doc_html\tutorial\modules.html","doc_html","",""
"!(bindpath.doc_html)tutorial\stdlib.html","Doc_html\tutorial\stdlib.html","doc_html","",""
"!(bindpath.doc_html)tutorial\stdlib2.html","Doc_html\tutorial\stdlib2.html","doc_html","",""
"!(bindpath.doc_html)tutorial\venv.html","Doc_html\tutorial\venv.html","doc_html","",""
"!(bindpath.doc_html)tutorial\whatnow.html","Doc_html\tutorial\whatnow.html","doc_html","",""
"!(bindpath.doc_html)using\android.html","Doc_html\using\android.html","doc_html","",""
"!(bindpath.doc_html)using\cmdline.html","Doc_html\using\cmdline.html","doc_html","",""
"!(bindpath.doc_html)using\configure.html","Doc_html\using\configure.html","doc_html","",""
"!(bindpath.doc_html)using\editors.html","Doc_html\using\editors.html","doc_html","",""
"!(bindpath.doc_html)using\index.html","Doc_html\using\index.html","doc_html","",""
"!(bindpath.doc_html)using\ios.html","Doc_html\using\ios.html","doc_html","",""
"!(bindpath.doc_html)using\mac.html","Doc_html\using\mac.html","doc_html","",""
"!(bindpath.doc_html)using\unix.html","Doc_html\using\unix.html","doc_html","",""
"!(bindpath.doc_html)using\windows.html","Doc_html\using\windows.html","doc_html","",""
"!(bindpath.doc_html)whatsnew\2.0.html","Doc_html\whatsnew\2.0.html","doc_html","",""
"!(bindpath.doc_html)whatsnew\2.1.html","Doc_html\whatsnew\2.1.html","doc_html","",""
"!(bindpath.doc_html)whatsnew\2.2.html","Doc_html\whatsnew\2.2.html","doc_html","",""
"!(bindpath.doc_html)whatsnew\2.3.html","Doc_html\whatsnew\2.3.html","doc_html","",""
"!(bindpath.doc_html)whatsnew\2.4.html","Doc_html\whatsnew\2.4.html","doc_html","",""
"!(bindpath.doc_html)whatsnew\2.5.html","Doc_html\whatsnew\2.5.html","doc_html","",""
"!(bindpath.doc_html)whatsnew\2.6.html","Doc_html\whatsnew\2.6.html","doc_html","",""
"!(bindpath.doc_html)whatsnew\2.7.html","Doc_html\whatsnew\2.7.html","doc_html","",""
"!(bindpath.doc_html)whatsnew\3.0.html","Doc_html\whatsnew\3.0.html","doc_html","",""
"!(bindpath.doc_html)whatsnew\3.1.html","Doc_html\whatsnew\3.1.html","doc_html","",""
"!(bindpath.doc_html)whatsnew\3.10.html","Doc_html\whatsnew\3.10.html","doc_html","",""
"!(bindpath.doc_html)whatsnew\3.11.html","Doc_html\whatsnew\3.11.html","doc_html","",""
"!(bindpath.doc_html)whatsnew\3.12.html","Doc_html\whatsnew\3.12.html","doc_html","",""
"!(bindpath.doc_html)whatsnew\3.13.html","Doc_html\whatsnew\3.13.html","doc_html","",""
"!(bindpath.doc_html)whatsnew\3.14.html","Doc_html\whatsnew\3.14.html","doc_html","",""
"!(bindpath.doc_html)whatsnew\3.2.html","Doc_html\whatsnew\3.2.html","doc_html","",""
"!(bindpath.doc_html)whatsnew\3.3.html","Doc_html\whatsnew\3.3.html","doc_html","",""
"!(bindpath.doc_html)whatsnew\3.4.html","Doc_html\whatsnew\3.4.html","doc_html","",""
"!(bindpath.doc_html)whatsnew\3.5.html","Doc_html\whatsnew\3.5.html","doc_html","",""
"!(bindpath.doc_html)whatsnew\3.6.html","Doc_html\whatsnew\3.6.html","doc_html","",""
"!(bindpath.doc_html)whatsnew\3.7.html","Doc_html\whatsnew\3.7.html","doc_html","",""
"!(bindpath.doc_html)whatsnew\3.8.html","Doc_html\whatsnew\3.8.html","doc_html","",""
"!(bindpath.doc_html)whatsnew\3.9.html","Doc_html\whatsnew\3.9.html","doc_html","",""
"!(bindpath.doc_html)whatsnew\changelog.html","Doc_html\whatsnew\changelog.html","doc_html","",""
"!(bindpath.doc_html)whatsnew\index.html","Doc_html\whatsnew\index.html","doc_html","",""
"!(bindpath.doc_html)_downloads\6dc1f3f4f0e6ca13cb42ddf4d6cbc8af\tzinfo_examples.py","Doc_html\_downloads\6dc1f3f4f0e6ca13cb42ddf4d6cbc8af\tzinfo_examples.py","doc_html","",""
"!(bindpath.doc_html)_images\hashlib-blake2-tree.png","Doc_html\_images\hashlib-blake2-tree.png","doc_html","",""
"!(bindpath.doc_html)_images\kde_example.png","Doc_html\_images\kde_example.png","doc_html","",""
"!(bindpath.doc_html)_images\mac_installer_01_introduction.png","Doc_html\_images\mac_installer_01_introduction.png","doc_html","",""
"!(bindpath.doc_html)_images\mac_installer_02_readme.png","Doc_html\_images\mac_installer_02_readme.png","doc_html","",""
"!(bindpath.doc_html)_images\mac_installer_03_license.png","Doc_html\_images\mac_installer_03_license.png","doc_html","",""
"!(bindpath.doc_html)_images\mac_installer_04_installation_type.png","Doc_html\_images\mac_installer_04_installation_type.png","doc_html","",""
"!(bindpath.doc_html)_images\mac_installer_05_custom_install.png","Doc_html\_images\mac_installer_05_custom_install.png","doc_html","",""
"!(bindpath.doc_html)_images\mac_installer_06_summary.png","Doc_html\_images\mac_installer_06_summary.png","doc_html","",""
"!(bindpath.doc_html)_images\mac_installer_07_applications.png","Doc_html\_images\mac_installer_07_applications.png","doc_html","",""
"!(bindpath.doc_html)_images\mac_installer_08_install_certificates.png","Doc_html\_images\mac_installer_08_install_certificates.png","doc_html","",""
"!(bindpath.doc_html)_images\mac_installer_09_custom_install_free_threaded.png","Doc_html\_images\mac_installer_09_custom_install_free_threaded.png","doc_html","",""
"!(bindpath.doc_html)_images\pathlib-inheritance.png","Doc_html\_images\pathlib-inheritance.png","doc_html","",""
"!(bindpath.doc_html)_images\tk_msg.png","Doc_html\_images\tk_msg.png","doc_html","",""
"!(bindpath.doc_html)_images\turtle-star.png","Doc_html\_images\turtle-star.png","doc_html","",""
"!(bindpath.doc_html)_images\win_installer.png","Doc_html\_images\win_installer.png","doc_html","",""
"!(bindpath.doc_html)_images\win_install_freethreaded.png","Doc_html\_images\win_install_freethreaded.png","doc_html","",""
"!(bindpath.doc_html)_static\basic.css","Doc_html\_static\basic.css","doc_html","",""
"!(bindpath.doc_html)_static\changelog_search.js","Doc_html\_static\changelog_search.js","doc_html","",""
"!(bindpath.doc_html)_static\classic.css","Doc_html\_static\classic.css","doc_html","",""
"!(bindpath.doc_html)_static\copybutton.js","Doc_html\_static\copybutton.js","doc_html","",""
"!(bindpath.doc_html)_static\default.css","Doc_html\_static\default.css","doc_html","",""
"!(bindpath.doc_html)_static\doctools.js","Doc_html\_static\doctools.js","doc_html","",""
"!(bindpath.doc_html)_static\documentation_options.js","Doc_html\_static\documentation_options.js","doc_html","",""
"!(bindpath.doc_html)_static\file.png","Doc_html\_static\file.png","doc_html","",""
"!(bindpath.doc_html)_static\glossary.json","Doc_html\_static\glossary.json","doc_html","",""
"!(bindpath.doc_html)_static\glossary_search.js","Doc_html\_static\glossary_search.js","doc_html","",""
"!(bindpath.doc_html)_static\language_data.js","Doc_html\_static\language_data.js","doc_html","",""
"!(bindpath.doc_html)_static\menu.js","Doc_html\_static\menu.js","doc_html","",""
"!(bindpath.doc_html)_static\minus.png","Doc_html\_static\minus.png","doc_html","",""
"!(bindpath.doc_html)_static\og-image.png","Doc_html\_static\og-image.png","doc_html","",""
"!(bindpath.doc_html)_static\opensearch.xml","Doc_html\_static\opensearch.xml","doc_html","",""
"!(bindpath.doc_html)_static\plus.png","Doc_html\_static\plus.png","doc_html","",""
"!(bindpath.doc_html)_static\py.png","Doc_html\_static\py.png","doc_html","",""
"!(bindpath.doc_html)_static\py.svg","Doc_html\_static\py.svg","doc_html","",""
"!(bindpath.doc_html)_static\pydoctheme.css","Doc_html\_static\pydoctheme.css","doc_html","",""
"!(bindpath.doc_html)_static\pydoctheme_dark.css","Doc_html\_static\pydoctheme_dark.css","doc_html","",""
"!(bindpath.doc_html)_static\pygments.css","Doc_html\_static\pygments.css","doc_html","",""
"!(bindpath.doc_html)_static\pygments_dark.css","Doc_html\_static\pygments_dark.css","doc_html","",""
"!(bindpath.doc_html)_static\rtd_switcher.js","Doc_html\_static\rtd_switcher.js","doc_html","",""
"!(bindpath.doc_html)_static\search-focus.js","Doc_html\_static\search-focus.js","doc_html","",""
"!(bindpath.doc_html)_static\searchtools.js","Doc_html\_static\searchtools.js","doc_html","",""
"!(bindpath.doc_html)_static\sidebar.js","Doc_html\_static\sidebar.js","doc_html","",""
"!(bindpath.doc_html)_static\sphinx_highlight.js","Doc_html\_static\sphinx_highlight.js","doc_html","",""
"!(bindpath.doc_html)_static\themetoggle.js","Doc_html\_static\themetoggle.js","doc_html","",""
