"!(bindpath.src)Lib\abc.py","Lib\abc.py","lib_py","",""
"!(bindpath.src)Lib\annotationlib.py","Lib\annotationlib.py","lib_py","",""
"!(bindpath.src)Lib\antigravity.py","Lib\antigravity.py","lib_py","",""
"!(bindpath.src)Lib\argparse.py","Lib\argparse.py","lib_py","",""
"!(bindpath.src)Lib\ast.py","Lib\ast.py","lib_py","",""
"!(bindpath.src)Lib\asyncio\base_events.py","Lib\asyncio\base_events.py","lib_py","",""
"!(bindpath.src)Lib\asyncio\base_futures.py","Lib\asyncio\base_futures.py","lib_py","",""
"!(bindpath.src)Lib\asyncio\base_subprocess.py","Lib\asyncio\base_subprocess.py","lib_py","",""
"!(bindpath.src)Lib\asyncio\base_tasks.py","Lib\asyncio\base_tasks.py","lib_py","",""
"!(bindpath.src)Lib\asyncio\constants.py","Lib\asyncio\constants.py","lib_py","",""
"!(bindpath.src)Lib\asyncio\coroutines.py","Lib\asyncio\coroutines.py","lib_py","",""
"!(bindpath.src)Lib\asyncio\events.py","Lib\asyncio\events.py","lib_py","",""
"!(bindpath.src)Lib\asyncio\exceptions.py","Lib\asyncio\exceptions.py","lib_py","",""
"!(bindpath.src)Lib\asyncio\format_helpers.py","Lib\asyncio\format_helpers.py","lib_py","",""
"!(bindpath.src)Lib\asyncio\futures.py","Lib\asyncio\futures.py","lib_py","",""
"!(bindpath.src)Lib\asyncio\graph.py","Lib\asyncio\graph.py","lib_py","",""
"!(bindpath.src)Lib\asyncio\locks.py","Lib\asyncio\locks.py","lib_py","",""
"!(bindpath.src)Lib\asyncio\log.py","Lib\asyncio\log.py","lib_py","",""
"!(bindpath.src)Lib\asyncio\mixins.py","Lib\asyncio\mixins.py","lib_py","",""
"!(bindpath.src)Lib\asyncio\proactor_events.py","Lib\asyncio\proactor_events.py","lib_py","",""
"!(bindpath.src)Lib\asyncio\protocols.py","Lib\asyncio\protocols.py","lib_py","",""
"!(bindpath.src)Lib\asyncio\queues.py","Lib\asyncio\queues.py","lib_py","",""
"!(bindpath.src)Lib\asyncio\runners.py","Lib\asyncio\runners.py","lib_py","",""
"!(bindpath.src)Lib\asyncio\selector_events.py","Lib\asyncio\selector_events.py","lib_py","",""
"!(bindpath.src)Lib\asyncio\sslproto.py","Lib\asyncio\sslproto.py","lib_py","",""
"!(bindpath.src)Lib\asyncio\staggered.py","Lib\asyncio\staggered.py","lib_py","",""
"!(bindpath.src)Lib\asyncio\streams.py","Lib\asyncio\streams.py","lib_py","",""
"!(bindpath.src)Lib\asyncio\subprocess.py","Lib\asyncio\subprocess.py","lib_py","",""
"!(bindpath.src)Lib\asyncio\taskgroups.py","Lib\asyncio\taskgroups.py","lib_py","",""
"!(bindpath.src)Lib\asyncio\tasks.py","Lib\asyncio\tasks.py","lib_py","",""
"!(bindpath.src)Lib\asyncio\threads.py","Lib\asyncio\threads.py","lib_py","",""
"!(bindpath.src)Lib\asyncio\timeouts.py","Lib\asyncio\timeouts.py","lib_py","",""
"!(bindpath.src)Lib\asyncio\tools.py","Lib\asyncio\tools.py","lib_py","",""
"!(bindpath.src)Lib\asyncio\transports.py","Lib\asyncio\transports.py","lib_py","",""
"!(bindpath.src)Lib\asyncio\trsock.py","Lib\asyncio\trsock.py","lib_py","",""
"!(bindpath.src)Lib\asyncio\unix_events.py","Lib\asyncio\unix_events.py","lib_py","",""
"!(bindpath.src)Lib\asyncio\windows_events.py","Lib\asyncio\windows_events.py","lib_py","",""
"!(bindpath.src)Lib\asyncio\windows_utils.py","Lib\asyncio\windows_utils.py","lib_py","",""
"!(bindpath.src)Lib\asyncio\__init__.py","Lib\asyncio\__init__.py","lib_py","",""
"!(bindpath.src)Lib\asyncio\__main__.py","Lib\asyncio\__main__.py","lib_py","",""
"!(bindpath.src)Lib\base64.py","Lib\base64.py","lib_py","",""
"!(bindpath.src)Lib\bdb.py","Lib\bdb.py","lib_py","",""
"!(bindpath.src)Lib\bisect.py","Lib\bisect.py","lib_py","",""
"!(bindpath.src)Lib\bz2.py","Lib\bz2.py","lib_py","",""
"!(bindpath.src)Lib\calendar.py","Lib\calendar.py","lib_py","",""
"!(bindpath.src)Lib\cmd.py","Lib\cmd.py","lib_py","",""
"!(bindpath.src)Lib\code.py","Lib\code.py","lib_py","",""
"!(bindpath.src)Lib\codecs.py","Lib\codecs.py","lib_py","",""
"!(bindpath.src)Lib\codeop.py","Lib\codeop.py","lib_py","",""
"!(bindpath.src)Lib\collections\__init__.py","Lib\collections\__init__.py","lib_py","",""
"!(bindpath.src)Lib\colorsys.py","Lib\colorsys.py","lib_py","",""
"!(bindpath.src)Lib\compileall.py","Lib\compileall.py","lib_py","",""
"!(bindpath.src)Lib\compression\bz2.py","Lib\compression\bz2.py","lib_py","",""
"!(bindpath.src)Lib\compression\gzip.py","Lib\compression\gzip.py","lib_py","",""
"!(bindpath.src)Lib\compression\lzma.py","Lib\compression\lzma.py","lib_py","",""
"!(bindpath.src)Lib\compression\zlib.py","Lib\compression\zlib.py","lib_py","",""
"!(bindpath.src)Lib\compression\zstd\_zstdfile.py","Lib\compression\zstd\_zstdfile.py","lib_py","",""
"!(bindpath.src)Lib\compression\zstd\__init__.py","Lib\compression\zstd\__init__.py","lib_py","",""
"!(bindpath.src)Lib\compression\_common\_streams.py","Lib\compression\_common\_streams.py","lib_py","",""
"!(bindpath.src)Lib\compression\_common\__init__.py","Lib\compression\_common\__init__.py","lib_py","",""
"!(bindpath.src)Lib\compression\__init__.py","Lib\compression\__init__.py","lib_py","",""
"!(bindpath.src)Lib\concurrent\futures\interpreter.py","Lib\concurrent\futures\interpreter.py","lib_py","",""
"!(bindpath.src)Lib\concurrent\futures\process.py","Lib\concurrent\futures\process.py","lib_py","",""
"!(bindpath.src)Lib\concurrent\futures\thread.py","Lib\concurrent\futures\thread.py","lib_py","",""
"!(bindpath.src)Lib\concurrent\futures\_base.py","Lib\concurrent\futures\_base.py","lib_py","",""
"!(bindpath.src)Lib\concurrent\futures\__init__.py","Lib\concurrent\futures\__init__.py","lib_py","",""
"!(bindpath.src)Lib\concurrent\interpreters\_crossinterp.py","Lib\concurrent\interpreters\_crossinterp.py","lib_py","",""
"!(bindpath.src)Lib\concurrent\interpreters\_queues.py","Lib\concurrent\interpreters\_queues.py","lib_py","",""
"!(bindpath.src)Lib\concurrent\interpreters\__init__.py","Lib\concurrent\interpreters\__init__.py","lib_py","",""
"!(bindpath.src)Lib\concurrent\__init__.py","Lib\concurrent\__init__.py","lib_py","",""
"!(bindpath.src)Lib\configparser.py","Lib\configparser.py","lib_py","",""
"!(bindpath.src)Lib\contextlib.py","Lib\contextlib.py","lib_py","",""
"!(bindpath.src)Lib\contextvars.py","Lib\contextvars.py","lib_py","",""
"!(bindpath.src)Lib\copy.py","Lib\copy.py","lib_py","",""
"!(bindpath.src)Lib\copyreg.py","Lib\copyreg.py","lib_py","",""
"!(bindpath.src)Lib\cProfile.py","Lib\cProfile.py","lib_py","",""
"!(bindpath.src)Lib\csv.py","Lib\csv.py","lib_py","",""
"!(bindpath.src)Lib\ctypes\macholib\dyld.py","Lib\ctypes\macholib\dyld.py","lib_py","",""
"!(bindpath.src)Lib\ctypes\macholib\dylib.py","Lib\ctypes\macholib\dylib.py","lib_py","",""
"!(bindpath.src)Lib\ctypes\macholib\fetch_macholib","Lib\ctypes\macholib\fetch_macholib","lib_py","",""
"!(bindpath.src)Lib\ctypes\macholib\fetch_macholib.bat","Lib\ctypes\macholib\fetch_macholib.bat","lib_py","",""
"!(bindpath.src)Lib\ctypes\macholib\framework.py","Lib\ctypes\macholib\framework.py","lib_py","",""
"!(bindpath.src)Lib\ctypes\macholib\README.ctypes","Lib\ctypes\macholib\README.ctypes","lib_py","",""
"!(bindpath.src)Lib\ctypes\macholib\__init__.py","Lib\ctypes\macholib\__init__.py","lib_py","",""
"!(bindpath.src)Lib\ctypes\util.py","Lib\ctypes\util.py","lib_py","",""
"!(bindpath.src)Lib\ctypes\wintypes.py","Lib\ctypes\wintypes.py","lib_py","",""
"!(bindpath.src)Lib\ctypes\_aix.py","Lib\ctypes\_aix.py","lib_py","",""
"!(bindpath.src)Lib\ctypes\_endian.py","Lib\ctypes\_endian.py","lib_py","",""
"!(bindpath.src)Lib\ctypes\_layout.py","Lib\ctypes\_layout.py","lib_py","",""
"!(bindpath.src)Lib\ctypes\__init__.py","Lib\ctypes\__init__.py","lib_py","",""
"!(bindpath.src)Lib\curses\ascii.py","Lib\curses\ascii.py","lib_py","",""
"!(bindpath.src)Lib\curses\has_key.py","Lib\curses\has_key.py","lib_py","",""
"!(bindpath.src)Lib\curses\panel.py","Lib\curses\panel.py","lib_py","",""
"!(bindpath.src)Lib\curses\textpad.py","Lib\curses\textpad.py","lib_py","",""
"!(bindpath.src)Lib\curses\__init__.py","Lib\curses\__init__.py","lib_py","",""
"!(bindpath.src)Lib\dataclasses.py","Lib\dataclasses.py","lib_py","",""
"!(bindpath.src)Lib\datetime.py","Lib\datetime.py","lib_py","",""
"!(bindpath.src)Lib\dbm\dumb.py","Lib\dbm\dumb.py","lib_py","",""
"!(bindpath.src)Lib\dbm\gnu.py","Lib\dbm\gnu.py","lib_py","",""
"!(bindpath.src)Lib\dbm\ndbm.py","Lib\dbm\ndbm.py","lib_py","",""
"!(bindpath.src)Lib\dbm\sqlite3.py","Lib\dbm\sqlite3.py","lib_py","",""
"!(bindpath.src)Lib\dbm\__init__.py","Lib\dbm\__init__.py","lib_py","",""
"!(bindpath.src)Lib\decimal.py","Lib\decimal.py","lib_py","",""
"!(bindpath.src)Lib\difflib.py","Lib\difflib.py","lib_py","",""
"!(bindpath.src)Lib\dis.py","Lib\dis.py","lib_py","",""
"!(bindpath.src)Lib\doctest.py","Lib\doctest.py","lib_py","",""
"!(bindpath.src)Lib\email\architecture.rst","Lib\email\architecture.rst","lib_py","",""
"!(bindpath.src)Lib\email\base64mime.py","Lib\email\base64mime.py","lib_py","",""
"!(bindpath.src)Lib\email\charset.py","Lib\email\charset.py","lib_py","",""
"!(bindpath.src)Lib\email\contentmanager.py","Lib\email\contentmanager.py","lib_py","",""
"!(bindpath.src)Lib\email\encoders.py","Lib\email\encoders.py","lib_py","",""
"!(bindpath.src)Lib\email\errors.py","Lib\email\errors.py","lib_py","",""
"!(bindpath.src)Lib\email\feedparser.py","Lib\email\feedparser.py","lib_py","",""
"!(bindpath.src)Lib\email\generator.py","Lib\email\generator.py","lib_py","",""
"!(bindpath.src)Lib\email\header.py","Lib\email\header.py","lib_py","",""
"!(bindpath.src)Lib\email\headerregistry.py","Lib\email\headerregistry.py","lib_py","",""
"!(bindpath.src)Lib\email\iterators.py","Lib\email\iterators.py","lib_py","",""
"!(bindpath.src)Lib\email\message.py","Lib\email\message.py","lib_py","",""
"!(bindpath.src)Lib\email\mime\application.py","Lib\email\mime\application.py","lib_py","",""
"!(bindpath.src)Lib\email\mime\audio.py","Lib\email\mime\audio.py","lib_py","",""
"!(bindpath.src)Lib\email\mime\base.py","Lib\email\mime\base.py","lib_py","",""
"!(bindpath.src)Lib\email\mime\image.py","Lib\email\mime\image.py","lib_py","",""
"!(bindpath.src)Lib\email\mime\message.py","Lib\email\mime\message.py","lib_py","",""
"!(bindpath.src)Lib\email\mime\multipart.py","Lib\email\mime\multipart.py","lib_py","",""
"!(bindpath.src)Lib\email\mime\nonmultipart.py","Lib\email\mime\nonmultipart.py","lib_py","",""
"!(bindpath.src)Lib\email\mime\text.py","Lib\email\mime\text.py","lib_py","",""
"!(bindpath.src)Lib\email\mime\__init__.py","Lib\email\mime\__init__.py","lib_py","",""
"!(bindpath.src)Lib\email\parser.py","Lib\email\parser.py","lib_py","",""
"!(bindpath.src)Lib\email\policy.py","Lib\email\policy.py","lib_py","",""
"!(bindpath.src)Lib\email\quoprimime.py","Lib\email\quoprimime.py","lib_py","",""
"!(bindpath.src)Lib\email\utils.py","Lib\email\utils.py","lib_py","",""
"!(bindpath.src)Lib\email\_encoded_words.py","Lib\email\_encoded_words.py","lib_py","",""
"!(bindpath.src)Lib\email\_header_value_parser.py","Lib\email\_header_value_parser.py","lib_py","",""
"!(bindpath.src)Lib\email\_parseaddr.py","Lib\email\_parseaddr.py","lib_py","",""
"!(bindpath.src)Lib\email\_policybase.py","Lib\email\_policybase.py","lib_py","",""
"!(bindpath.src)Lib\email\__init__.py","Lib\email\__init__.py","lib_py","",""
"!(bindpath.src)Lib\encodings\aliases.py","Lib\encodings\aliases.py","lib_py","",""
"!(bindpath.src)Lib\encodings\ascii.py","Lib\encodings\ascii.py","lib_py","",""
"!(bindpath.src)Lib\encodings\base64_codec.py","Lib\encodings\base64_codec.py","lib_py","",""
"!(bindpath.src)Lib\encodings\big5.py","Lib\encodings\big5.py","lib_py","",""
"!(bindpath.src)Lib\encodings\big5hkscs.py","Lib\encodings\big5hkscs.py","lib_py","",""
"!(bindpath.src)Lib\encodings\bz2_codec.py","Lib\encodings\bz2_codec.py","lib_py","",""
"!(bindpath.src)Lib\encodings\charmap.py","Lib\encodings\charmap.py","lib_py","",""
"!(bindpath.src)Lib\encodings\cp037.py","Lib\encodings\cp037.py","lib_py","",""
"!(bindpath.src)Lib\encodings\cp1006.py","Lib\encodings\cp1006.py","lib_py","",""
"!(bindpath.src)Lib\encodings\cp1026.py","Lib\encodings\cp1026.py","lib_py","",""
"!(bindpath.src)Lib\encodings\cp1125.py","Lib\encodings\cp1125.py","lib_py","",""
"!(bindpath.src)Lib\encodings\cp1140.py","Lib\encodings\cp1140.py","lib_py","",""
"!(bindpath.src)Lib\encodings\cp1250.py","Lib\encodings\cp1250.py","lib_py","",""
"!(bindpath.src)Lib\encodings\cp1251.py","Lib\encodings\cp1251.py","lib_py","",""
"!(bindpath.src)Lib\encodings\cp1252.py","Lib\encodings\cp1252.py","lib_py","",""
"!(bindpath.src)Lib\encodings\cp1253.py","Lib\encodings\cp1253.py","lib_py","",""
"!(bindpath.src)Lib\encodings\cp1254.py","Lib\encodings\cp1254.py","lib_py","",""
"!(bindpath.src)Lib\encodings\cp1255.py","Lib\encodings\cp1255.py","lib_py","",""
"!(bindpath.src)Lib\encodings\cp1256.py","Lib\encodings\cp1256.py","lib_py","",""
"!(bindpath.src)Lib\encodings\cp1257.py","Lib\encodings\cp1257.py","lib_py","",""
"!(bindpath.src)Lib\encodings\cp1258.py","Lib\encodings\cp1258.py","lib_py","",""
"!(bindpath.src)Lib\encodings\cp273.py","Lib\encodings\cp273.py","lib_py","",""
"!(bindpath.src)Lib\encodings\cp424.py","Lib\encodings\cp424.py","lib_py","",""
"!(bindpath.src)Lib\encodings\cp437.py","Lib\encodings\cp437.py","lib_py","",""
"!(bindpath.src)Lib\encodings\cp500.py","Lib\encodings\cp500.py","lib_py","",""
"!(bindpath.src)Lib\encodings\cp720.py","Lib\encodings\cp720.py","lib_py","",""
"!(bindpath.src)Lib\encodings\cp737.py","Lib\encodings\cp737.py","lib_py","",""
"!(bindpath.src)Lib\encodings\cp775.py","Lib\encodings\cp775.py","lib_py","",""
"!(bindpath.src)Lib\encodings\cp850.py","Lib\encodings\cp850.py","lib_py","",""
"!(bindpath.src)Lib\encodings\cp852.py","Lib\encodings\cp852.py","lib_py","",""
"!(bindpath.src)Lib\encodings\cp855.py","Lib\encodings\cp855.py","lib_py","",""
"!(bindpath.src)Lib\encodings\cp856.py","Lib\encodings\cp856.py","lib_py","",""
"!(bindpath.src)Lib\encodings\cp857.py","Lib\encodings\cp857.py","lib_py","",""
"!(bindpath.src)Lib\encodings\cp858.py","Lib\encodings\cp858.py","lib_py","",""
"!(bindpath.src)Lib\encodings\cp860.py","Lib\encodings\cp860.py","lib_py","",""
"!(bindpath.src)Lib\encodings\cp861.py","Lib\encodings\cp861.py","lib_py","",""
"!(bindpath.src)Lib\encodings\cp862.py","Lib\encodings\cp862.py","lib_py","",""
"!(bindpath.src)Lib\encodings\cp863.py","Lib\encodings\cp863.py","lib_py","",""
"!(bindpath.src)Lib\encodings\cp864.py","Lib\encodings\cp864.py","lib_py","",""
"!(bindpath.src)Lib\encodings\cp865.py","Lib\encodings\cp865.py","lib_py","",""
"!(bindpath.src)Lib\encodings\cp866.py","Lib\encodings\cp866.py","lib_py","",""
"!(bindpath.src)Lib\encodings\cp869.py","Lib\encodings\cp869.py","lib_py","",""
"!(bindpath.src)Lib\encodings\cp874.py","Lib\encodings\cp874.py","lib_py","",""
"!(bindpath.src)Lib\encodings\cp875.py","Lib\encodings\cp875.py","lib_py","",""
"!(bindpath.src)Lib\encodings\cp932.py","Lib\encodings\cp932.py","lib_py","",""
"!(bindpath.src)Lib\encodings\cp949.py","Lib\encodings\cp949.py","lib_py","",""
"!(bindpath.src)Lib\encodings\cp950.py","Lib\encodings\cp950.py","lib_py","",""
"!(bindpath.src)Lib\encodings\euc_jisx0213.py","Lib\encodings\euc_jisx0213.py","lib_py","",""
"!(bindpath.src)Lib\encodings\euc_jis_2004.py","Lib\encodings\euc_jis_2004.py","lib_py","",""
"!(bindpath.src)Lib\encodings\euc_jp.py","Lib\encodings\euc_jp.py","lib_py","",""
"!(bindpath.src)Lib\encodings\euc_kr.py","Lib\encodings\euc_kr.py","lib_py","",""
"!(bindpath.src)Lib\encodings\gb18030.py","Lib\encodings\gb18030.py","lib_py","",""
"!(bindpath.src)Lib\encodings\gb2312.py","Lib\encodings\gb2312.py","lib_py","",""
"!(bindpath.src)Lib\encodings\gbk.py","Lib\encodings\gbk.py","lib_py","",""
"!(bindpath.src)Lib\encodings\hex_codec.py","Lib\encodings\hex_codec.py","lib_py","",""
"!(bindpath.src)Lib\encodings\hp_roman8.py","Lib\encodings\hp_roman8.py","lib_py","",""
"!(bindpath.src)Lib\encodings\hz.py","Lib\encodings\hz.py","lib_py","",""
"!(bindpath.src)Lib\encodings\idna.py","Lib\encodings\idna.py","lib_py","",""
"!(bindpath.src)Lib\encodings\iso2022_jp.py","Lib\encodings\iso2022_jp.py","lib_py","",""
"!(bindpath.src)Lib\encodings\iso2022_jp_1.py","Lib\encodings\iso2022_jp_1.py","lib_py","",""
"!(bindpath.src)Lib\encodings\iso2022_jp_2.py","Lib\encodings\iso2022_jp_2.py","lib_py","",""
"!(bindpath.src)Lib\encodings\iso2022_jp_2004.py","Lib\encodings\iso2022_jp_2004.py","lib_py","",""
"!(bindpath.src)Lib\encodings\iso2022_jp_3.py","Lib\encodings\iso2022_jp_3.py","lib_py","",""
"!(bindpath.src)Lib\encodings\iso2022_jp_ext.py","Lib\encodings\iso2022_jp_ext.py","lib_py","",""
"!(bindpath.src)Lib\encodings\iso2022_kr.py","Lib\encodings\iso2022_kr.py","lib_py","",""
"!(bindpath.src)Lib\encodings\iso8859_1.py","Lib\encodings\iso8859_1.py","lib_py","",""
"!(bindpath.src)Lib\encodings\iso8859_10.py","Lib\encodings\iso8859_10.py","lib_py","",""
"!(bindpath.src)Lib\encodings\iso8859_11.py","Lib\encodings\iso8859_11.py","lib_py","",""
"!(bindpath.src)Lib\encodings\iso8859_13.py","Lib\encodings\iso8859_13.py","lib_py","",""
"!(bindpath.src)Lib\encodings\iso8859_14.py","Lib\encodings\iso8859_14.py","lib_py","",""
"!(bindpath.src)Lib\encodings\iso8859_15.py","Lib\encodings\iso8859_15.py","lib_py","",""
"!(bindpath.src)Lib\encodings\iso8859_16.py","Lib\encodings\iso8859_16.py","lib_py","",""
"!(bindpath.src)Lib\encodings\iso8859_2.py","Lib\encodings\iso8859_2.py","lib_py","",""
"!(bindpath.src)Lib\encodings\iso8859_3.py","Lib\encodings\iso8859_3.py","lib_py","",""
"!(bindpath.src)Lib\encodings\iso8859_4.py","Lib\encodings\iso8859_4.py","lib_py","",""
"!(bindpath.src)Lib\encodings\iso8859_5.py","Lib\encodings\iso8859_5.py","lib_py","",""
"!(bindpath.src)Lib\encodings\iso8859_6.py","Lib\encodings\iso8859_6.py","lib_py","",""
"!(bindpath.src)Lib\encodings\iso8859_7.py","Lib\encodings\iso8859_7.py","lib_py","",""
"!(bindpath.src)Lib\encodings\iso8859_8.py","Lib\encodings\iso8859_8.py","lib_py","",""
"!(bindpath.src)Lib\encodings\iso8859_9.py","Lib\encodings\iso8859_9.py","lib_py","",""
"!(bindpath.src)Lib\encodings\johab.py","Lib\encodings\johab.py","lib_py","",""
"!(bindpath.src)Lib\encodings\koi8_r.py","Lib\encodings\koi8_r.py","lib_py","",""
"!(bindpath.src)Lib\encodings\koi8_t.py","Lib\encodings\koi8_t.py","lib_py","",""
"!(bindpath.src)Lib\encodings\koi8_u.py","Lib\encodings\koi8_u.py","lib_py","",""
"!(bindpath.src)Lib\encodings\kz1048.py","Lib\encodings\kz1048.py","lib_py","",""
"!(bindpath.src)Lib\encodings\latin_1.py","Lib\encodings\latin_1.py","lib_py","",""
"!(bindpath.src)Lib\encodings\mac_arabic.py","Lib\encodings\mac_arabic.py","lib_py","",""
"!(bindpath.src)Lib\encodings\mac_croatian.py","Lib\encodings\mac_croatian.py","lib_py","",""
"!(bindpath.src)Lib\encodings\mac_cyrillic.py","Lib\encodings\mac_cyrillic.py","lib_py","",""
"!(bindpath.src)Lib\encodings\mac_farsi.py","Lib\encodings\mac_farsi.py","lib_py","",""
"!(bindpath.src)Lib\encodings\mac_greek.py","Lib\encodings\mac_greek.py","lib_py","",""
"!(bindpath.src)Lib\encodings\mac_iceland.py","Lib\encodings\mac_iceland.py","lib_py","",""
"!(bindpath.src)Lib\encodings\mac_latin2.py","Lib\encodings\mac_latin2.py","lib_py","",""
"!(bindpath.src)Lib\encodings\mac_roman.py","Lib\encodings\mac_roman.py","lib_py","",""
"!(bindpath.src)Lib\encodings\mac_romanian.py","Lib\encodings\mac_romanian.py","lib_py","",""
"!(bindpath.src)Lib\encodings\mac_turkish.py","Lib\encodings\mac_turkish.py","lib_py","",""
"!(bindpath.src)Lib\encodings\mbcs.py","Lib\encodings\mbcs.py","lib_py","",""
"!(bindpath.src)Lib\encodings\oem.py","Lib\encodings\oem.py","lib_py","",""
"!(bindpath.src)Lib\encodings\palmos.py","Lib\encodings\palmos.py","lib_py","",""
"!(bindpath.src)Lib\encodings\ptcp154.py","Lib\encodings\ptcp154.py","lib_py","",""
"!(bindpath.src)Lib\encodings\punycode.py","Lib\encodings\punycode.py","lib_py","",""
"!(bindpath.src)Lib\encodings\quopri_codec.py","Lib\encodings\quopri_codec.py","lib_py","",""
"!(bindpath.src)Lib\encodings\raw_unicode_escape.py","Lib\encodings\raw_unicode_escape.py","lib_py","",""
"!(bindpath.src)Lib\encodings\rot_13.py","Lib\encodings\rot_13.py","lib_py","",""
"!(bindpath.src)Lib\encodings\shift_jis.py","Lib\encodings\shift_jis.py","lib_py","",""
"!(bindpath.src)Lib\encodings\shift_jisx0213.py","Lib\encodings\shift_jisx0213.py","lib_py","",""
"!(bindpath.src)Lib\encodings\shift_jis_2004.py","Lib\encodings\shift_jis_2004.py","lib_py","",""
"!(bindpath.src)Lib\encodings\tis_620.py","Lib\encodings\tis_620.py","lib_py","",""
"!(bindpath.src)Lib\encodings\undefined.py","Lib\encodings\undefined.py","lib_py","",""
"!(bindpath.src)Lib\encodings\unicode_escape.py","Lib\encodings\unicode_escape.py","lib_py","",""
"!(bindpath.src)Lib\encodings\utf_16.py","Lib\encodings\utf_16.py","lib_py","",""
"!(bindpath.src)Lib\encodings\utf_16_be.py","Lib\encodings\utf_16_be.py","lib_py","",""
"!(bindpath.src)Lib\encodings\utf_16_le.py","Lib\encodings\utf_16_le.py","lib_py","",""
"!(bindpath.src)Lib\encodings\utf_32.py","Lib\encodings\utf_32.py","lib_py","",""
"!(bindpath.src)Lib\encodings\utf_32_be.py","Lib\encodings\utf_32_be.py","lib_py","",""
"!(bindpath.src)Lib\encodings\utf_32_le.py","Lib\encodings\utf_32_le.py","lib_py","",""
"!(bindpath.src)Lib\encodings\utf_7.py","Lib\encodings\utf_7.py","lib_py","",""
"!(bindpath.src)Lib\encodings\utf_8.py","Lib\encodings\utf_8.py","lib_py","",""
"!(bindpath.src)Lib\encodings\utf_8_sig.py","Lib\encodings\utf_8_sig.py","lib_py","",""
"!(bindpath.src)Lib\encodings\uu_codec.py","Lib\encodings\uu_codec.py","lib_py","",""
"!(bindpath.src)Lib\encodings\zlib_codec.py","Lib\encodings\zlib_codec.py","lib_py","",""
"!(bindpath.src)Lib\encodings\_win_cp_codecs.py","Lib\encodings\_win_cp_codecs.py","lib_py","",""
"!(bindpath.src)Lib\encodings\__init__.py","Lib\encodings\__init__.py","lib_py","",""
"!(bindpath.src)Lib\ensurepip\_bundled\pip-25.1.1-py3-none-any.whl","Lib\ensurepip\_bundled\pip-25.1.1-py3-none-any.whl","lib_py","",""
"!(bindpath.src)Lib\ensurepip\_uninstall.py","Lib\ensurepip\_uninstall.py","lib_py","",""
"!(bindpath.src)Lib\ensurepip\__init__.py","Lib\ensurepip\__init__.py","lib_py","",""
"!(bindpath.src)Lib\ensurepip\__main__.py","Lib\ensurepip\__main__.py","lib_py","",""
"!(bindpath.src)Lib\enum.py","Lib\enum.py","lib_py","",""
"!(bindpath.src)Lib\filecmp.py","Lib\filecmp.py","lib_py","",""
"!(bindpath.src)Lib\fileinput.py","Lib\fileinput.py","lib_py","",""
"!(bindpath.src)Lib\fnmatch.py","Lib\fnmatch.py","lib_py","",""
"!(bindpath.src)Lib\fractions.py","Lib\fractions.py","lib_py","",""
"!(bindpath.src)Lib\ftplib.py","Lib\ftplib.py","lib_py","",""
"!(bindpath.src)Lib\functools.py","Lib\functools.py","lib_py","",""
"!(bindpath.src)Lib\genericpath.py","Lib\genericpath.py","lib_py","",""
"!(bindpath.src)Lib\getopt.py","Lib\getopt.py","lib_py","",""
"!(bindpath.src)Lib\getpass.py","Lib\getpass.py","lib_py","",""
"!(bindpath.src)Lib\gettext.py","Lib\gettext.py","lib_py","",""
"!(bindpath.src)Lib\glob.py","Lib\glob.py","lib_py","",""
"!(bindpath.src)Lib\graphlib.py","Lib\graphlib.py","lib_py","",""
"!(bindpath.src)Lib\gzip.py","Lib\gzip.py","lib_py","",""
"!(bindpath.src)Lib\hashlib.py","Lib\hashlib.py","lib_py","",""
"!(bindpath.src)Lib\heapq.py","Lib\heapq.py","lib_py","",""
"!(bindpath.src)Lib\hmac.py","Lib\hmac.py","lib_py","",""
"!(bindpath.src)Lib\html\entities.py","Lib\html\entities.py","lib_py","",""
"!(bindpath.src)Lib\html\parser.py","Lib\html\parser.py","lib_py","",""
"!(bindpath.src)Lib\html\__init__.py","Lib\html\__init__.py","lib_py","",""
"!(bindpath.src)Lib\http\client.py","Lib\http\client.py","lib_py","",""
"!(bindpath.src)Lib\http\cookiejar.py","Lib\http\cookiejar.py","lib_py","",""
"!(bindpath.src)Lib\http\cookies.py","Lib\http\cookies.py","lib_py","",""
"!(bindpath.src)Lib\http\server.py","Lib\http\server.py","lib_py","",""
"!(bindpath.src)Lib\http\__init__.py","Lib\http\__init__.py","lib_py","",""
"!(bindpath.src)Lib\imaplib.py","Lib\imaplib.py","lib_py","",""
"!(bindpath.src)Lib\importlib\abc.py","Lib\importlib\abc.py","lib_py","",""
"!(bindpath.src)Lib\importlib\machinery.py","Lib\importlib\machinery.py","lib_py","",""
"!(bindpath.src)Lib\importlib\metadata\diagnose.py","Lib\importlib\metadata\diagnose.py","lib_py","",""
"!(bindpath.src)Lib\importlib\metadata\_adapters.py","Lib\importlib\metadata\_adapters.py","lib_py","",""
"!(bindpath.src)Lib\importlib\metadata\_collections.py","Lib\importlib\metadata\_collections.py","lib_py","",""
"!(bindpath.src)Lib\importlib\metadata\_functools.py","Lib\importlib\metadata\_functools.py","lib_py","",""
"!(bindpath.src)Lib\importlib\metadata\_itertools.py","Lib\importlib\metadata\_itertools.py","lib_py","",""
"!(bindpath.src)Lib\importlib\metadata\_meta.py","Lib\importlib\metadata\_meta.py","lib_py","",""
"!(bindpath.src)Lib\importlib\metadata\_text.py","Lib\importlib\metadata\_text.py","lib_py","",""
"!(bindpath.src)Lib\importlib\metadata\__init__.py","Lib\importlib\metadata\__init__.py","lib_py","",""
"!(bindpath.src)Lib\importlib\readers.py","Lib\importlib\readers.py","lib_py","",""
"!(bindpath.src)Lib\importlib\resources\abc.py","Lib\importlib\resources\abc.py","lib_py","",""
"!(bindpath.src)Lib\importlib\resources\readers.py","Lib\importlib\resources\readers.py","lib_py","",""
"!(bindpath.src)Lib\importlib\resources\simple.py","Lib\importlib\resources\simple.py","lib_py","",""
"!(bindpath.src)Lib\importlib\resources\_adapters.py","Lib\importlib\resources\_adapters.py","lib_py","",""
"!(bindpath.src)Lib\importlib\resources\_common.py","Lib\importlib\resources\_common.py","lib_py","",""
"!(bindpath.src)Lib\importlib\resources\_functional.py","Lib\importlib\resources\_functional.py","lib_py","",""
"!(bindpath.src)Lib\importlib\resources\_itertools.py","Lib\importlib\resources\_itertools.py","lib_py","",""
"!(bindpath.src)Lib\importlib\resources\__init__.py","Lib\importlib\resources\__init__.py","lib_py","",""
"!(bindpath.src)Lib\importlib\simple.py","Lib\importlib\simple.py","lib_py","",""
"!(bindpath.src)Lib\importlib\util.py","Lib\importlib\util.py","lib_py","",""
"!(bindpath.src)Lib\importlib\_abc.py","Lib\importlib\_abc.py","lib_py","",""
"!(bindpath.src)Lib\importlib\_bootstrap.py","Lib\importlib\_bootstrap.py","lib_py","",""
"!(bindpath.src)Lib\importlib\_bootstrap_external.py","Lib\importlib\_bootstrap_external.py","lib_py","",""
"!(bindpath.src)Lib\importlib\__init__.py","Lib\importlib\__init__.py","lib_py","",""
"!(bindpath.src)Lib\inspect.py","Lib\inspect.py","lib_py","",""
"!(bindpath.src)Lib\io.py","Lib\io.py","lib_py","",""
"!(bindpath.src)Lib\ipaddress.py","Lib\ipaddress.py","lib_py","",""
"!(bindpath.src)Lib\json\decoder.py","Lib\json\decoder.py","lib_py","",""
"!(bindpath.src)Lib\json\encoder.py","Lib\json\encoder.py","lib_py","",""
"!(bindpath.src)Lib\json\scanner.py","Lib\json\scanner.py","lib_py","",""
"!(bindpath.src)Lib\json\tool.py","Lib\json\tool.py","lib_py","",""
"!(bindpath.src)Lib\json\__init__.py","Lib\json\__init__.py","lib_py","",""
"!(bindpath.src)Lib\json\__main__.py","Lib\json\__main__.py","lib_py","",""
"!(bindpath.src)Lib\keyword.py","Lib\keyword.py","lib_py","",""
"!(bindpath.src)Lib\linecache.py","Lib\linecache.py","lib_py","",""
"!(bindpath.src)Lib\locale.py","Lib\locale.py","lib_py","",""
"!(bindpath.src)Lib\logging\config.py","Lib\logging\config.py","lib_py","",""
"!(bindpath.src)Lib\logging\handlers.py","Lib\logging\handlers.py","lib_py","",""
"!(bindpath.src)Lib\logging\__init__.py","Lib\logging\__init__.py","lib_py","",""
"!(bindpath.src)Lib\lzma.py","Lib\lzma.py","lib_py","",""
"!(bindpath.src)Lib\mailbox.py","Lib\mailbox.py","lib_py","",""
"!(bindpath.src)Lib\mimetypes.py","Lib\mimetypes.py","lib_py","",""
"!(bindpath.src)Lib\modulefinder.py","Lib\modulefinder.py","lib_py","",""
"!(bindpath.src)Lib\multiprocessing\connection.py","Lib\multiprocessing\connection.py","lib_py","",""
"!(bindpath.src)Lib\multiprocessing\context.py","Lib\multiprocessing\context.py","lib_py","",""
"!(bindpath.src)Lib\multiprocessing\dummy\connection.py","Lib\multiprocessing\dummy\connection.py","lib_py","",""
"!(bindpath.src)Lib\multiprocessing\dummy\__init__.py","Lib\multiprocessing\dummy\__init__.py","lib_py","",""
"!(bindpath.src)Lib\multiprocessing\forkserver.py","Lib\multiprocessing\forkserver.py","lib_py","",""
"!(bindpath.src)Lib\multiprocessing\heap.py","Lib\multiprocessing\heap.py","lib_py","",""
"!(bindpath.src)Lib\multiprocessing\managers.py","Lib\multiprocessing\managers.py","lib_py","",""
"!(bindpath.src)Lib\multiprocessing\pool.py","Lib\multiprocessing\pool.py","lib_py","",""
"!(bindpath.src)Lib\multiprocessing\popen_fork.py","Lib\multiprocessing\popen_fork.py","lib_py","",""
"!(bindpath.src)Lib\multiprocessing\popen_forkserver.py","Lib\multiprocessing\popen_forkserver.py","lib_py","",""
"!(bindpath.src)Lib\multiprocessing\popen_spawn_posix.py","Lib\multiprocessing\popen_spawn_posix.py","lib_py","",""
"!(bindpath.src)Lib\multiprocessing\popen_spawn_win32.py","Lib\multiprocessing\popen_spawn_win32.py","lib_py","",""
"!(bindpath.src)Lib\multiprocessing\process.py","Lib\multiprocessing\process.py","lib_py","",""
"!(bindpath.src)Lib\multiprocessing\queues.py","Lib\multiprocessing\queues.py","lib_py","",""
"!(bindpath.src)Lib\multiprocessing\reduction.py","Lib\multiprocessing\reduction.py","lib_py","",""
"!(bindpath.src)Lib\multiprocessing\resource_sharer.py","Lib\multiprocessing\resource_sharer.py","lib_py","",""
"!(bindpath.src)Lib\multiprocessing\resource_tracker.py","Lib\multiprocessing\resource_tracker.py","lib_py","",""
"!(bindpath.src)Lib\multiprocessing\sharedctypes.py","Lib\multiprocessing\sharedctypes.py","lib_py","",""
"!(bindpath.src)Lib\multiprocessing\shared_memory.py","Lib\multiprocessing\shared_memory.py","lib_py","",""
"!(bindpath.src)Lib\multiprocessing\spawn.py","Lib\multiprocessing\spawn.py","lib_py","",""
"!(bindpath.src)Lib\multiprocessing\synchronize.py","Lib\multiprocessing\synchronize.py","lib_py","",""
"!(bindpath.src)Lib\multiprocessing\util.py","Lib\multiprocessing\util.py","lib_py","",""
"!(bindpath.src)Lib\multiprocessing\__init__.py","Lib\multiprocessing\__init__.py","lib_py","",""
"!(bindpath.src)Lib\netrc.py","Lib\netrc.py","lib_py","",""
"!(bindpath.src)Lib\ntpath.py","Lib\ntpath.py","lib_py","",""
"!(bindpath.src)Lib\nturl2path.py","Lib\nturl2path.py","lib_py","",""
"!(bindpath.src)Lib\numbers.py","Lib\numbers.py","lib_py","",""
"!(bindpath.src)Lib\opcode.py","Lib\opcode.py","lib_py","",""
"!(bindpath.src)Lib\operator.py","Lib\operator.py","lib_py","",""
"!(bindpath.src)Lib\optparse.py","Lib\optparse.py","lib_py","",""
"!(bindpath.src)Lib\os.py","Lib\os.py","lib_py","",""
"!(bindpath.src)Lib\pathlib\types.py","Lib\pathlib\types.py","lib_py","",""
"!(bindpath.src)Lib\pathlib\_os.py","Lib\pathlib\_os.py","lib_py","",""
"!(bindpath.src)Lib\pathlib\__init__.py","Lib\pathlib\__init__.py","lib_py","",""
"!(bindpath.src)Lib\pdb.py","Lib\pdb.py","lib_py","",""
"!(bindpath.src)Lib\pickle.py","Lib\pickle.py","lib_py","",""
"!(bindpath.src)Lib\pickletools.py","Lib\pickletools.py","lib_py","",""
"!(bindpath.src)Lib\pkgutil.py","Lib\pkgutil.py","lib_py","",""
"!(bindpath.src)Lib\platform.py","Lib\platform.py","lib_py","",""
"!(bindpath.src)Lib\plistlib.py","Lib\plistlib.py","lib_py","",""
"!(bindpath.src)Lib\poplib.py","Lib\poplib.py","lib_py","",""
"!(bindpath.src)Lib\posixpath.py","Lib\posixpath.py","lib_py","",""
"!(bindpath.src)Lib\pprint.py","Lib\pprint.py","lib_py","",""
"!(bindpath.src)Lib\profile.py","Lib\profile.py","lib_py","",""
"!(bindpath.src)Lib\pstats.py","Lib\pstats.py","lib_py","",""
"!(bindpath.src)Lib\pty.py","Lib\pty.py","lib_py","",""
"!(bindpath.src)Lib\pyclbr.py","Lib\pyclbr.py","lib_py","",""
"!(bindpath.src)Lib\pydoc.py","Lib\pydoc.py","lib_py","",""
"!(bindpath.src)Lib\pydoc_data\topics.py","Lib\pydoc_data\topics.py","lib_py","",""
"!(bindpath.src)Lib\pydoc_data\_pydoc.css","Lib\pydoc_data\_pydoc.css","lib_py","",""
"!(bindpath.src)Lib\pydoc_data\__init__.py","Lib\pydoc_data\__init__.py","lib_py","",""
"!(bindpath.src)Lib\py_compile.py","Lib\py_compile.py","lib_py","",""
"!(bindpath.src)Lib\queue.py","Lib\queue.py","lib_py","",""
"!(bindpath.src)Lib\quopri.py","Lib\quopri.py","lib_py","",""
"!(bindpath.src)Lib\random.py","Lib\random.py","lib_py","",""
"!(bindpath.src)Lib\reprlib.py","Lib\reprlib.py","lib_py","",""
"!(bindpath.src)Lib\re\_casefix.py","Lib\re\_casefix.py","lib_py","",""
"!(bindpath.src)Lib\re\_compiler.py","Lib\re\_compiler.py","lib_py","",""
"!(bindpath.src)Lib\re\_constants.py","Lib\re\_constants.py","lib_py","",""
"!(bindpath.src)Lib\re\_parser.py","Lib\re\_parser.py","lib_py","",""
"!(bindpath.src)Lib\re\__init__.py","Lib\re\__init__.py","lib_py","",""
"!(bindpath.src)Lib\rlcompleter.py","Lib\rlcompleter.py","lib_py","",""
"!(bindpath.src)Lib\runpy.py","Lib\runpy.py","lib_py","",""
"!(bindpath.src)Lib\sched.py","Lib\sched.py","lib_py","",""
"!(bindpath.src)Lib\secrets.py","Lib\secrets.py","lib_py","",""
"!(bindpath.src)Lib\selectors.py","Lib\selectors.py","lib_py","",""
"!(bindpath.src)Lib\shelve.py","Lib\shelve.py","lib_py","",""
"!(bindpath.src)Lib\shlex.py","Lib\shlex.py","lib_py","",""
"!(bindpath.src)Lib\shutil.py","Lib\shutil.py","lib_py","",""
"!(bindpath.src)Lib\signal.py","Lib\signal.py","lib_py","",""
"!(bindpath.src)Lib\site.py","Lib\site.py","lib_py","",""
"!(bindpath.src)Lib\smtplib.py","Lib\smtplib.py","lib_py","",""
"!(bindpath.src)Lib\socket.py","Lib\socket.py","lib_py","",""
"!(bindpath.src)Lib\socketserver.py","Lib\socketserver.py","lib_py","",""
"!(bindpath.src)Lib\sqlite3\dbapi2.py","Lib\sqlite3\dbapi2.py","lib_py","",""
"!(bindpath.src)Lib\sqlite3\dump.py","Lib\sqlite3\dump.py","lib_py","",""
"!(bindpath.src)Lib\sqlite3\__init__.py","Lib\sqlite3\__init__.py","lib_py","",""
"!(bindpath.src)Lib\sqlite3\__main__.py","Lib\sqlite3\__main__.py","lib_py","",""
"!(bindpath.src)Lib\sre_compile.py","Lib\sre_compile.py","lib_py","",""
"!(bindpath.src)Lib\sre_constants.py","Lib\sre_constants.py","lib_py","",""
"!(bindpath.src)Lib\sre_parse.py","Lib\sre_parse.py","lib_py","",""
"!(bindpath.src)Lib\ssl.py","Lib\ssl.py","lib_py","",""
"!(bindpath.src)Lib\stat.py","Lib\stat.py","lib_py","",""
"!(bindpath.src)Lib\statistics.py","Lib\statistics.py","lib_py","",""
"!(bindpath.src)Lib\stringprep.py","Lib\stringprep.py","lib_py","",""
"!(bindpath.src)Lib\string\templatelib.py","Lib\string\templatelib.py","lib_py","",""
"!(bindpath.src)Lib\string\__init__.py","Lib\string\__init__.py","lib_py","",""
"!(bindpath.src)Lib\struct.py","Lib\struct.py","lib_py","",""
"!(bindpath.src)Lib\subprocess.py","Lib\subprocess.py","lib_py","",""
"!(bindpath.src)Lib\symtable.py","Lib\symtable.py","lib_py","",""
"!(bindpath.src)Lib\sysconfig\__init__.py","Lib\sysconfig\__init__.py","lib_py","",""
"!(bindpath.src)Lib\sysconfig\__main__.py","Lib\sysconfig\__main__.py","lib_py","",""
"!(bindpath.src)Lib\tabnanny.py","Lib\tabnanny.py","lib_py","",""
"!(bindpath.src)Lib\tarfile.py","Lib\tarfile.py","lib_py","",""
"!(bindpath.src)Lib\tempfile.py","Lib\tempfile.py","lib_py","",""
"!(bindpath.src)Lib\textwrap.py","Lib\textwrap.py","lib_py","",""
"!(bindpath.src)Lib\this.py","Lib\this.py","lib_py","",""
"!(bindpath.src)Lib\threading.py","Lib\threading.py","lib_py","",""
"!(bindpath.src)Lib\timeit.py","Lib\timeit.py","lib_py","",""
"!(bindpath.src)Lib\token.py","Lib\token.py","lib_py","",""
"!(bindpath.src)Lib\tokenize.py","Lib\tokenize.py","lib_py","",""
"!(bindpath.src)Lib\tomllib\mypy.ini","Lib\tomllib\mypy.ini","lib_py","",""
"!(bindpath.src)Lib\tomllib\_parser.py","Lib\tomllib\_parser.py","lib_py","",""
"!(bindpath.src)Lib\tomllib\_re.py","Lib\tomllib\_re.py","lib_py","",""
"!(bindpath.src)Lib\tomllib\_types.py","Lib\tomllib\_types.py","lib_py","",""
"!(bindpath.src)Lib\tomllib\__init__.py","Lib\tomllib\__init__.py","lib_py","",""
"!(bindpath.src)Lib\trace.py","Lib\trace.py","lib_py","",""
"!(bindpath.src)Lib\traceback.py","Lib\traceback.py","lib_py","",""
"!(bindpath.src)Lib\tracemalloc.py","Lib\tracemalloc.py","lib_py","",""
"!(bindpath.src)Lib\tty.py","Lib\tty.py","lib_py","",""
"!(bindpath.src)Lib\types.py","Lib\types.py","lib_py","",""
"!(bindpath.src)Lib\typing.py","Lib\typing.py","lib_py","",""
"!(bindpath.src)Lib\unittest\async_case.py","Lib\unittest\async_case.py","lib_py","",""
"!(bindpath.src)Lib\unittest\case.py","Lib\unittest\case.py","lib_py","",""
"!(bindpath.src)Lib\unittest\loader.py","Lib\unittest\loader.py","lib_py","",""
"!(bindpath.src)Lib\unittest\main.py","Lib\unittest\main.py","lib_py","",""
"!(bindpath.src)Lib\unittest\mock.py","Lib\unittest\mock.py","lib_py","",""
"!(bindpath.src)Lib\unittest\result.py","Lib\unittest\result.py","lib_py","",""
"!(bindpath.src)Lib\unittest\runner.py","Lib\unittest\runner.py","lib_py","",""
"!(bindpath.src)Lib\unittest\signals.py","Lib\unittest\signals.py","lib_py","",""
"!(bindpath.src)Lib\unittest\suite.py","Lib\unittest\suite.py","lib_py","",""
"!(bindpath.src)Lib\unittest\util.py","Lib\unittest\util.py","lib_py","",""
"!(bindpath.src)Lib\unittest\_log.py","Lib\unittest\_log.py","lib_py","",""
"!(bindpath.src)Lib\unittest\__init__.py","Lib\unittest\__init__.py","lib_py","",""
"!(bindpath.src)Lib\unittest\__main__.py","Lib\unittest\__main__.py","lib_py","",""
"!(bindpath.src)Lib\urllib\error.py","Lib\urllib\error.py","lib_py","",""
"!(bindpath.src)Lib\urllib\parse.py","Lib\urllib\parse.py","lib_py","",""
"!(bindpath.src)Lib\urllib\request.py","Lib\urllib\request.py","lib_py","",""
"!(bindpath.src)Lib\urllib\response.py","Lib\urllib\response.py","lib_py","",""
"!(bindpath.src)Lib\urllib\robotparser.py","Lib\urllib\robotparser.py","lib_py","",""
"!(bindpath.src)Lib\urllib\__init__.py","Lib\urllib\__init__.py","lib_py","",""
"!(bindpath.src)Lib\uuid.py","Lib\uuid.py","lib_py","",""
"!(bindpath.src)Lib\venv\scripts\common\activate","Lib\venv\scripts\common\activate","lib_py","",""
"!(bindpath.src)Lib\venv\scripts\common\activate.fish","Lib\venv\scripts\common\activate.fish","lib_py","",""
"!(bindpath.src)Lib\venv\scripts\common\Activate.ps1","Lib\venv\scripts\common\Activate.ps1","lib_py","",""
"!(bindpath.src)Lib\venv\scripts\nt\activate.bat","Lib\venv\scripts\nt\activate.bat","lib_py","",""
"!(bindpath.src)Lib\venv\scripts\nt\deactivate.bat","Lib\venv\scripts\nt\deactivate.bat","lib_py","",""
"!(bindpath.src)Lib\venv\scripts\posix\activate.csh","Lib\venv\scripts\posix\activate.csh","lib_py","",""
"!(bindpath.src)Lib\venv\__init__.py","Lib\venv\__init__.py","lib_py","",""
"!(bindpath.src)Lib\venv\__main__.py","Lib\venv\__main__.py","lib_py","",""
"!(bindpath.src)Lib\warnings.py","Lib\warnings.py","lib_py","",""
"!(bindpath.src)Lib\wave.py","Lib\wave.py","lib_py","",""
"!(bindpath.src)Lib\weakref.py","Lib\weakref.py","lib_py","",""
"!(bindpath.src)Lib\webbrowser.py","Lib\webbrowser.py","lib_py","",""
"!(bindpath.src)Lib\wsgiref\handlers.py","Lib\wsgiref\handlers.py","lib_py","",""
"!(bindpath.src)Lib\wsgiref\headers.py","Lib\wsgiref\headers.py","lib_py","",""
"!(bindpath.src)Lib\wsgiref\simple_server.py","Lib\wsgiref\simple_server.py","lib_py","",""
"!(bindpath.src)Lib\wsgiref\types.py","Lib\wsgiref\types.py","lib_py","",""
"!(bindpath.src)Lib\wsgiref\util.py","Lib\wsgiref\util.py","lib_py","",""
"!(bindpath.src)Lib\wsgiref\validate.py","Lib\wsgiref\validate.py","lib_py","",""
"!(bindpath.src)Lib\wsgiref\__init__.py","Lib\wsgiref\__init__.py","lib_py","",""
"!(bindpath.src)Lib\xmlrpc\client.py","Lib\xmlrpc\client.py","lib_py","",""
"!(bindpath.src)Lib\xmlrpc\server.py","Lib\xmlrpc\server.py","lib_py","",""
"!(bindpath.src)Lib\xmlrpc\__init__.py","Lib\xmlrpc\__init__.py","lib_py","",""
"!(bindpath.src)Lib\xml\dom\domreg.py","Lib\xml\dom\domreg.py","lib_py","",""
"!(bindpath.src)Lib\xml\dom\expatbuilder.py","Lib\xml\dom\expatbuilder.py","lib_py","",""
"!(bindpath.src)Lib\xml\dom\minicompat.py","Lib\xml\dom\minicompat.py","lib_py","",""
"!(bindpath.src)Lib\xml\dom\minidom.py","Lib\xml\dom\minidom.py","lib_py","",""
"!(bindpath.src)Lib\xml\dom\NodeFilter.py","Lib\xml\dom\NodeFilter.py","lib_py","",""
"!(bindpath.src)Lib\xml\dom\pulldom.py","Lib\xml\dom\pulldom.py","lib_py","",""
"!(bindpath.src)Lib\xml\dom\xmlbuilder.py","Lib\xml\dom\xmlbuilder.py","lib_py","",""
"!(bindpath.src)Lib\xml\dom\__init__.py","Lib\xml\dom\__init__.py","lib_py","",""
"!(bindpath.src)Lib\xml\etree\cElementTree.py","Lib\xml\etree\cElementTree.py","lib_py","",""
"!(bindpath.src)Lib\xml\etree\ElementInclude.py","Lib\xml\etree\ElementInclude.py","lib_py","",""
"!(bindpath.src)Lib\xml\etree\ElementPath.py","Lib\xml\etree\ElementPath.py","lib_py","",""
"!(bindpath.src)Lib\xml\etree\ElementTree.py","Lib\xml\etree\ElementTree.py","lib_py","",""
"!(bindpath.src)Lib\xml\etree\__init__.py","Lib\xml\etree\__init__.py","lib_py","",""
"!(bindpath.src)Lib\xml\parsers\expat.py","Lib\xml\parsers\expat.py","lib_py","",""
"!(bindpath.src)Lib\xml\parsers\__init__.py","Lib\xml\parsers\__init__.py","lib_py","",""
"!(bindpath.src)Lib\xml\sax\expatreader.py","Lib\xml\sax\expatreader.py","lib_py","",""
"!(bindpath.src)Lib\xml\sax\handler.py","Lib\xml\sax\handler.py","lib_py","",""
"!(bindpath.src)Lib\xml\sax\saxutils.py","Lib\xml\sax\saxutils.py","lib_py","",""
"!(bindpath.src)Lib\xml\sax\xmlreader.py","Lib\xml\sax\xmlreader.py","lib_py","",""
"!(bindpath.src)Lib\xml\sax\_exceptions.py","Lib\xml\sax\_exceptions.py","lib_py","",""
"!(bindpath.src)Lib\xml\sax\__init__.py","Lib\xml\sax\__init__.py","lib_py","",""
"!(bindpath.src)Lib\xml\__init__.py","Lib\xml\__init__.py","lib_py","",""
"!(bindpath.src)Lib\zipapp.py","Lib\zipapp.py","lib_py","",""
"!(bindpath.src)Lib\zipfile\_path\glob.py","Lib\zipfile\_path\glob.py","lib_py","",""
"!(bindpath.src)Lib\zipfile\_path\__init__.py","Lib\zipfile\_path\__init__.py","lib_py","",""
"!(bindpath.src)Lib\zipfile\__init__.py","Lib\zipfile\__init__.py","lib_py","",""
"!(bindpath.src)Lib\zipfile\__main__.py","Lib\zipfile\__main__.py","lib_py","",""
"!(bindpath.src)Lib\zipimport.py","Lib\zipimport.py","lib_py","",""
"!(bindpath.src)Lib\zoneinfo\_common.py","Lib\zoneinfo\_common.py","lib_py","",""
"!(bindpath.src)Lib\zoneinfo\_tzpath.py","Lib\zoneinfo\_tzpath.py","lib_py","",""
"!(bindpath.src)Lib\zoneinfo\_zoneinfo.py","Lib\zoneinfo\_zoneinfo.py","lib_py","",""
"!(bindpath.src)Lib\zoneinfo\__init__.py","Lib\zoneinfo\__init__.py","lib_py","",""
"!(bindpath.src)Lib\_aix_support.py","Lib\_aix_support.py","lib_py","",""
"!(bindpath.src)Lib\_android_support.py","Lib\_android_support.py","lib_py","",""
"!(bindpath.src)Lib\_apple_support.py","Lib\_apple_support.py","lib_py","",""
"!(bindpath.src)Lib\_ast_unparse.py","Lib\_ast_unparse.py","lib_py","",""
"!(bindpath.src)Lib\_collections_abc.py","Lib\_collections_abc.py","lib_py","",""
"!(bindpath.src)Lib\_colorize.py","Lib\_colorize.py","lib_py","",""
"!(bindpath.src)Lib\_compat_pickle.py","Lib\_compat_pickle.py","lib_py","",""
"!(bindpath.src)Lib\_ios_support.py","Lib\_ios_support.py","lib_py","",""
"!(bindpath.src)Lib\_markupbase.py","Lib\_markupbase.py","lib_py","",""
"!(bindpath.src)Lib\_opcode_metadata.py","Lib\_opcode_metadata.py","lib_py","",""
"!(bindpath.src)Lib\_osx_support.py","Lib\_osx_support.py","lib_py","",""
"!(bindpath.src)Lib\_pydatetime.py","Lib\_pydatetime.py","lib_py","",""
"!(bindpath.src)Lib\_pydecimal.py","Lib\_pydecimal.py","lib_py","",""
"!(bindpath.src)Lib\_pyio.py","Lib\_pyio.py","lib_py","",""
"!(bindpath.src)Lib\_pylong.py","Lib\_pylong.py","lib_py","",""
"!(bindpath.src)Lib\_pyrepl\base_eventqueue.py","Lib\_pyrepl\base_eventqueue.py","lib_py","",""
"!(bindpath.src)Lib\_pyrepl\commands.py","Lib\_pyrepl\commands.py","lib_py","",""
"!(bindpath.src)Lib\_pyrepl\completing_reader.py","Lib\_pyrepl\completing_reader.py","lib_py","",""
"!(bindpath.src)Lib\_pyrepl\console.py","Lib\_pyrepl\console.py","lib_py","",""
"!(bindpath.src)Lib\_pyrepl\fancy_termios.py","Lib\_pyrepl\fancy_termios.py","lib_py","",""
"!(bindpath.src)Lib\_pyrepl\historical_reader.py","Lib\_pyrepl\historical_reader.py","lib_py","",""
"!(bindpath.src)Lib\_pyrepl\input.py","Lib\_pyrepl\input.py","lib_py","",""
"!(bindpath.src)Lib\_pyrepl\keymap.py","Lib\_pyrepl\keymap.py","lib_py","",""
"!(bindpath.src)Lib\_pyrepl\main.py","Lib\_pyrepl\main.py","lib_py","",""
"!(bindpath.src)Lib\_pyrepl\mypy.ini","Lib\_pyrepl\mypy.ini","lib_py","",""
"!(bindpath.src)Lib\_pyrepl\pager.py","Lib\_pyrepl\pager.py","lib_py","",""
"!(bindpath.src)Lib\_pyrepl\reader.py","Lib\_pyrepl\reader.py","lib_py","",""
"!(bindpath.src)Lib\_pyrepl\readline.py","Lib\_pyrepl\readline.py","lib_py","",""
"!(bindpath.src)Lib\_pyrepl\simple_interact.py","Lib\_pyrepl\simple_interact.py","lib_py","",""
"!(bindpath.src)Lib\_pyrepl\terminfo.py","Lib\_pyrepl\terminfo.py","lib_py","",""
"!(bindpath.src)Lib\_pyrepl\trace.py","Lib\_pyrepl\trace.py","lib_py","",""
"!(bindpath.src)Lib\_pyrepl\types.py","Lib\_pyrepl\types.py","lib_py","",""
"!(bindpath.src)Lib\_pyrepl\unix_console.py","Lib\_pyrepl\unix_console.py","lib_py","",""
"!(bindpath.src)Lib\_pyrepl\unix_eventqueue.py","Lib\_pyrepl\unix_eventqueue.py","lib_py","",""
"!(bindpath.src)Lib\_pyrepl\utils.py","Lib\_pyrepl\utils.py","lib_py","",""
"!(bindpath.src)Lib\_pyrepl\windows_console.py","Lib\_pyrepl\windows_console.py","lib_py","",""
"!(bindpath.src)Lib\_pyrepl\windows_eventqueue.py","Lib\_pyrepl\windows_eventqueue.py","lib_py","",""
"!(bindpath.src)Lib\_pyrepl\_module_completer.py","Lib\_pyrepl\_module_completer.py","lib_py","",""
"!(bindpath.src)Lib\_pyrepl\_threading_handler.py","Lib\_pyrepl\_threading_handler.py","lib_py","",""
"!(bindpath.src)Lib\_pyrepl\__init__.py","Lib\_pyrepl\__init__.py","lib_py","",""
"!(bindpath.src)Lib\_pyrepl\__main__.py","Lib\_pyrepl\__main__.py","lib_py","",""
"!(bindpath.src)Lib\_py_abc.py","Lib\_py_abc.py","lib_py","",""
"!(bindpath.src)Lib\_py_warnings.py","Lib\_py_warnings.py","lib_py","",""
"!(bindpath.src)Lib\_sitebuiltins.py","Lib\_sitebuiltins.py","lib_py","",""
"!(bindpath.src)Lib\_strptime.py","Lib\_strptime.py","lib_py","",""
"!(bindpath.src)Lib\_threading_local.py","Lib\_threading_local.py","lib_py","",""
"!(bindpath.src)Lib\_weakrefset.py","Lib\_weakrefset.py","lib_py","",""
"!(bindpath.src)Lib\__future__.py","Lib\__future__.py","lib_py","",""
"!(bindpath.src)Lib\__hello__.py","Lib\__hello__.py","lib_py","",""
"!(bindpath.src)Lib\__phello__\ham\eggs.py","Lib\__phello__\ham\eggs.py","lib_py","",""
"!(bindpath.src)Lib\__phello__\ham\__init__.py","Lib\__phello__\ham\__init__.py","lib_py","",""
"!(bindpath.src)Lib\__phello__\spam.py","Lib\__phello__\spam.py","lib_py","",""
"!(bindpath.src)Lib\__phello__\__init__.py","Lib\__phello__\__init__.py","lib_py","",""
